username,rating,text,date,ct,company
"{'name': 'Aathmik eshwar', 'link': 'https://www.google.com/maps/contrib/114322224449041197113?hl=en-US', 'contributor_id': '114322224449041197113', 'thumbnail': 'https://lh3.googleusercontent.com/a-/ALV-UjWTsXtJo3a5fk5ummO6bUoAit5eCAPySg9hWA83B-IVKHDiHp9BKQ=s120-c-rp-mo-ba3-br100', 'local_guide': True, 'reviews': 32, 'photos': 58}",1.0,"Freshers why do you even join here . Speaking from KPIT Intern training feedbacks ! Absolute worst treatment . Join somewhere else or be unemployed, it's better than being employed here . If you are ready to get disrespected, have no self value then you can join this company. Praying for upcoming batches (RIP 2024 batch)",2 months ago,Pune,KPIT Technologies
"{'name': 'Pankaj Patil', 'link': 'https://www.google.com/maps/contrib/110600990391849428196?hl=en-US', 'contributor_id': '110600990391849428196', 'thumbnail': 'https://lh3.googleusercontent.com/a-/ALV-UjWTfiAEdzbiK0NbKcu6D0NuDP41P648LkxDnEnG81w_rdkoXYDV=s120-c-rp-mo-ba4-br100', 'local_guide': True, 'reviews': 46, 'photos': 383}",5.0,"Atmosphere at KPIT technologies is very good and it's feels like connected with mother earth, always feels fresh. The office of KPIT is very clean and hygienic.
Other than this
1. At the entry if your new you need to go through the security counter where you will gate Guest ID card and they will ask for if you have any laptop pd and all for safety concerns.
2. After that go to the main entrance for the building where you need to register entry in register book at entry and exit as well.
3. At there you can ask for direction to Security person they will guide you accordingly.
4. After staircase tak left at that you can go under the bridge or you can take staircase to reduce the efforts
5. And then go straight from in front of building then you will see canteen and ground after going straight.
6. Or if you want to go to building B then after first building gate go to next gate there you can find lift which will lead you to Buliding B
7. After that if you want to go to canteen from buliding B go through single lift which will directly lead you to canteen at your left.
8. And if you take right after exiting from lift you will find amphitheatre after going forward.
9. If you want to collect ID card then after leaving lift go to the counter present in next Buliding.
10. And after that you can explore new things by yourself. Don't forgot to take a view from every point",2 years ago,Pune,KPIT Technologies
"{'name': 'Ujwal Pande', 'link': 'https://www.google.com/maps/contrib/116430459348705839103?hl=en-US', 'contributor_id': '116430459348705839103', 'thumbnail': 'https://lh3.googleusercontent.com/a-/ALV-UjXXKThG6us93au8mzVVcZywL0CFyvK8jISWRZllHX79yy7ExpI=s120-c-rp-mo-ba3-br100', 'local_guide': True, 'reviews': 44, 'photos': 1}",3.0,"Good and scenic campus.
Can do better:
Parking to building connectivity.
Bigger canteen to accommodate workforce.
Better canteen vendors.
Better food quality and rate control.
Increase seating capacity.
Increase parking facility, current need is double of available.",5 months ago,Pune,KPIT Technologies
"{'name': 'Neeleshb Bhosale', 'link': 'https://www.google.com/maps/contrib/117716473727692380742?hl=en-US', 'contributor_id': '117716473727692380742', 'thumbnail': 'https://lh3.googleusercontent.com/a-/ALV-UjXJxNgCl9WVjl2p5pW1te9ePuMFX3_1A-5DxziYVw51hO-jxhc=s120-c-rp-mo-ba5-br100', 'local_guide': True, 'reviews': 194, 'photos': 1375}",4.0,"Good company for IT services

Surrounding Environmental is very beautiful
Which refreshing the employees mind",a year ago,Pune,KPIT Technologies
"{'name': 'Mohammad Amaan Patloo', 'link': 'https://www.google.com/maps/contrib/111948072081723279116?hl=en-US', 'contributor_id': '111948072081723279116', 'thumbnail': 'https://lh3.googleusercontent.com/a-/ALV-UjWfgf_v5mzVnBUm5ghiZUDmyo3_rTnaiaayQuO7DzEQFU9BJ_6_=s120-c-rp-mo-br100', 'local_guide': True, 'reviews': 3, 'photos': 11}",5.0,Best place to grow.,2 months ago,Pune,KPIT Technologies
"{'name': 'Er. Ajit Kumar', 'link': 'https://www.google.com/maps/contrib/103411263907298015894?hl=en-US', 'contributor_id': '103411263907298015894', 'thumbnail': 'https://lh3.googleusercontent.com/a-/ALV-UjUEUP5Tq6yqaiClfSpqiYojn4-jMDNHWEFyIvoeZW8STzYeem5I=s120-c-rp-mo-ba3-br100', 'local_guide': True, 'reviews': 33, 'photos': 28}",5.0,"It's a very nice platform to start your career as a embedded software developer, and it's one kind of proud moment to working in Indian automotive company. Best thing about this office is it's located behind the mountain, which gives beautiful natural view, and the campus and infrastructure inside the office is fantastic.",6 years ago,Pune,KPIT Technologies
"{'name': 'Ashutosh Ratre', 'link': 'https://www.google.com/maps/contrib/117943157942233336185?hl=en-US', 'contributor_id': '117943157942233336185', 'thumbnail': 'https://lh3.googleusercontent.com/a-/ALV-UjVEZKETzEuun-vS_PHyJJUGHeafG9VNqv2VU_nG4dvrsZBsOVMQ=s120-c-rp-mo-ba4-br100', 'local_guide': True, 'reviews': 59, 'photos': 244}",4.0,"Phase 3 campus photos.
This is a new office situated in hinjewadi phase 3 and they also have one office in phase 1. Birlasoft and Kpit technologies has been merged and I think phase 1 office will be given to Birlasoft later. It takes 15 mins drive from phase 1 office to reach here with no or less traffic.",6 years ago,Pune,KPIT Technologies
"{'name': 'Nilofar Patel', 'link': 'https://www.google.com/maps/contrib/117600353179716519724?hl=en-US', 'contributor_id': '117600353179716519724', 'thumbnail': 'https://lh3.googleusercontent.com/a-/ALV-UjWmIFBcs35fI31vDtOI1HrpduZ4HvfAUJJuoCqwEHtNmLnd6t14=s120-c-rp-mo-ba3-br100', 'local_guide': True, 'reviews': 31, 'photos': 17}",5.0,"This place is no less than a resort at a Hill station , very beautiful campus, just love working here.",6 years ago,Pune,KPIT Technologies
"{'name': 'RAJESH DIXIT', 'link': 'https://www.google.com/maps/contrib/110725406523291148939?hl=en-US', 'contributor_id': '110725406523291148939', 'thumbnail': 'https://lh3.googleusercontent.com/a-/ALV-UjVQfTZmgdPXK-L1YTDK8XuOJ_JWNl3EMiDVJJTeU8pao9ghFfMv=s120-c-rp-mo-ba4-br100', 'local_guide': True, 'reviews': 113, 'photos': 116}",5.0,"Just like wow... Infrastructure and helping hand , supportive environment From security to Management",3 weeks ago,Pune,NVIDIA
"{'name': 'NEELMANI', 'link': 'https://www.google.com/maps/contrib/104905955007831978613?hl=en-US', 'contributor_id': '104905955007831978613', 'thumbnail': 'https://lh3.googleusercontent.com/a-/ALV-UjU7tG73FYCMU7ylOUpTbDHyULjNgtxGaKzZHZXOel7DfLm0GN1sFw=s120-c-rp-mo-ba7-br100', 'local_guide': True, 'reviews': 347, 'photos': 8117}",5.0,Nvidia the world's computer rests.  The office is far from ratings it just excellent. Located bestly in the city.  The Indian computers thik of this office for all the graphics chips and codes that the made inside. Amazing since my childhood friend also works here.  Atul ujjwal.,8 years ago,Pune,NVIDIA
"{'name': 'Saanji Gogoi', 'link': 'https://www.google.com/maps/contrib/113212566423115751707?hl=en-US', 'contributor_id': '113212566423115751707', 'thumbnail': 'https://lh3.googleusercontent.com/a-/ALV-UjWmHOAlJpQEUqBiER7U5WwPPSiXa5FX4_06m77MWOHHua5vLWwA=s120-c-rp-mo-ba5-br100', 'local_guide': True, 'reviews': 139, 'photos': 610}",4.0,Good place located in Yedwada commer zone.,6 years ago,Pune,NVIDIA
"{'name': 'Sahil Singh', 'link': 'https://www.google.com/maps/contrib/109003063549187697541?hl=en-US', 'contributor_id': '109003063549187697541', 'thumbnail': 'https://lh3.googleusercontent.com/a-/ALV-UjVZC_IgGhu8fwlO9ZW33AIQNEji_3Bd8dTf42PH1f5YkYqrBBzN=s120-c-rp-mo-ba6-br100', 'local_guide': True, 'reviews': 180, 'photos': 2920}",5.0,"The culture over the place is what I really like about it. Mutual respect and trust, whether you are a new or an old employee. When I joined 2 years ago I felt that my views were listened to, and not dismissed for being new.
The salary and compensation correlates with your efforts, and there is no politics whatsoever. This is what makes it a great place to work. Focusing on work rather than politics is good for everybody, including the company.
This is not true for some of the other companies which I know, in which my friends work, and unfortunately not true for all teams in Nvidia.
The culture of your team would depend on the manager, and this can make it a truly pleasurable place to work with.
I have seen the unfairness my friends in other companies are subjected to (name any top tech company), this makes me feel even more thankful towards my team, for making it such a nice place to work.
We are engineers after all, and not politicians.
I am stressing office politics too much, because that is a reality in many places.
Not in my company, not in my team.",5 years ago,Pune,NVIDIA
"{'name': 'sajoy joseph', 'link': 'https://www.google.com/maps/contrib/101773463900083310121?hl=en-US', 'contributor_id': '101773463900083310121', 'thumbnail': 'https://lh3.googleusercontent.com/a/ACg8ocLS_hjMddiQ7KWrO2WHKvLl2WM_flzziHKj1ZJqr1C0_5pZbg=s120-c-rp-mo-ba3-br100', 'local_guide': True, 'reviews': 53, 'photos': 3}",1.0,"Abhijit Nair, an employee of this firm scammed me by promising to deliver a graphic card. I gave him advance payment in goodwill, but didn't expect to get cheated. He has disappeared after taking the payment. If nvidia doesn't take some action I will have to look for another method.",a year ago,Pune,NVIDIA
"{'name': 'Tushar Kharade', 'link': 'https://www.google.com/maps/contrib/110858007908329880696?hl=en-US', 'contributor_id': '110858007908329880696', 'thumbnail': 'https://lh3.googleusercontent.com/a-/ALV-UjVsZ92lvL7hTgFdTx4WCzOLTpgHYmf6e5pzNcnEo6boJDzMogFd=s120-c-rp-mo-ba3-br100', 'local_guide': True, 'reviews': 20, 'photos': 69}",5.0,Best environment,2 years ago,Pune,NVIDIA
"{'name': 'Hari Hud', 'link': 'https://www.google.com/maps/contrib/115877667376885671511?hl=en-US', 'contributor_id': '115877667376885671511', 'thumbnail': 'https://lh3.googleusercontent.com/a-/ALV-UjXCtysCZyXa4ad2nsyvso-_jbI3Sef1Qw97UrKplDvnUrCjST6p=s120-c-rp-mo-br100', 'reviews': 4, 'photos': 4}",5.0,One of the best IT company in terms of everything!,a year ago,Pune,NVIDIA
"{'name': 'Rahul Hirole', 'link': 'https://www.google.com/maps/contrib/106613966186278586814?hl=en-US', 'contributor_id': '106613966186278586814', 'thumbnail': 'https://lh3.googleusercontent.com/a-/ALV-UjVQ6u_OJX824P5dTH9ukWPNu18ivyaDWnUduepSXpW8rM4nHhvK=s120-c-rp-mo-br100', 'reviews': 181, 'photos': 0}",4.0,"High corporate culture present.
Cab pick and drop facility available.
Placed in separate tower.
Opens 24/7.",6 years ago,Pune,NVIDIA
"{'name': 'Vishal Kotian', 'link': 'https://www.google.com/maps/contrib/107342154334396850702?hl=en-US', 'contributor_id': '107342154334396850702', 'thumbnail': 'https://lh3.googleusercontent.com/a-/ALV-UjVwVcoYOgBMHLbSRl5oFQFmLHk8RrjbZY0VUPixeGXhTuj86RDR=s120-c-rp-mo-ba3-br100', 'local_guide': True, 'reviews': 25, 'photos': 25}",5.0,If you are in Network Industry domain there's no better place to work than Cisco.,5 months ago,Pune,Cisco
"{'name': 'satees kumar', 'link': 'https://www.google.com/maps/contrib/113750960100880622248?hl=en-US', 'contributor_id': '113750960100880622248', 'thumbnail': 'https://lh3.googleusercontent.com/a-/ALV-UjVt9W2Mf6YL-AqdrpK7pDM_gS0G_4xs1FseVfIpPWiTaId4sQtFiQ=s120-c-rp-mo-ba5-br100', 'local_guide': True, 'reviews': 213, 'photos': 123}",5.0,"A great place to work.
They have a nice office with plenty of facilities like Indoor games (Pool table, table tennis Carrom, Foosball etc).
A small garden and indoor parking.
HR policies are also great l, they offer Work From Home policy.

The place has a very professional corporate culture.",6 years ago,Pune,Cisco
"{'name': 'Shounak Deshpande', 'link': 'https://www.google.com/maps/contrib/114991799496423821886?hl=en-US', 'contributor_id': '114991799496423821886', 'thumbnail': 'https://lh3.googleusercontent.com/a-/ALV-UjWzw0Qtl4szi4kRVNM0b8a0-uTN6nZfHKlNTItVmK1UUsqOXSLJ=s120-c-rp-mo-ba3-br100', 'local_guide': True, 'reviews': 68, 'photos': 2}",5.0,Good service and helpful staff. The building is located in ambient surroundings. Had a good experience.,2 years ago,Pune,Cisco
"{'name': 'Viren Dige', 'link': 'https://www.google.com/maps/contrib/108009952648803827731?hl=en-US', 'contributor_id': '108009952648803827731', 'thumbnail': 'https://lh3.googleusercontent.com/a-/ALV-UjV4QPXTE30OeDlQpfTBpXMGHshbvc1JLSb6MmnqyOv97SzoePFP=s120-c-rp-mo-ba3-br100', 'local_guide': True, 'reviews': 56, 'photos': 30}",4.0,"Great company to work. This office location had decent amenities, with variety of indoor games, sufficient for the staff count this location hosts.",6 years ago,Pune,Cisco
"{'name': 'Ritu Saikia', 'link': 'https://www.google.com/maps/contrib/108152939148521124419?hl=en-US', 'contributor_id': '108152939148521124419', 'thumbnail': 'https://lh3.googleusercontent.com/a-/ALV-UjX-oJ9C4eNMbEz8URgeSU7ZmqJaGhKRrEk5T7vT6C0qOuv9HQghhQ=s120-c-rp-mo-ba4-br100', 'local_guide': True, 'reviews': 77, 'photos': 9}",4.0,Trusted as a safeguard in the corporate security world! Their products are used widely. Nice campus!,5 years ago,Pune,Cisco
"{'name': 'Sohan Pawar', 'link': 'https://www.google.com/maps/contrib/115601919389378809049?hl=en-US', 'contributor_id': '115601919389378809049', 'thumbnail': 'https://lh3.googleusercontent.com/a-/ALV-UjVthqzk1NjF9DO7ov4aTKtboMrcnXYvJhSjmUocsm52CJcVPLo-gg=s120-c-rp-mo-ba3-br100', 'local_guide': True, 'reviews': 39, 'photos': 12}",5.0,Best MNC ever... Staff is cooperative... Parking has more space... Fully technical space... 😍,6 years ago,Pune,Cisco
"{'name': 'Yash Thorat', 'link': 'https://www.google.com/maps/contrib/109746962491914658042?hl=en-US', 'contributor_id': '109746962491914658042', 'thumbnail': 'https://lh3.googleusercontent.com/a/ACg8ocKqz4UgP8XAhXcDlsvNaSC9c-Z2ipAqGA9x3B2yZIpzd7sxIw=s120-c-rp-mo-br100', 'local_guide': True, 'reviews': 1, 'photos': 0}",5.0,Good 👍🏻,5 months ago,Pune,Cisco
"{'name': 'Nikhil Kumar', 'link': 'https://www.google.com/maps/contrib/111488819387834569597?hl=en-US', 'contributor_id': '111488819387834569597', 'thumbnail': 'https://lh3.googleusercontent.com/a-/ALV-UjWL-M1NfXIkvb7BuQcC4Lot_NkizmqUcbe-wn8VGwrx1UfxWCLhtA=s120-c-rp-mo-br100', 'reviews': 21, 'photos': 0}",5.0,Small but nice office premises,a year ago,Pune,Cisco
"{'name': 'Vikram Nath (VN BLOGS)', 'link': 'https://www.google.com/maps/contrib/115287322123216039194?hl=en-US', 'contributor_id': '115287322123216039194', 'thumbnail': 'https://lh3.googleusercontent.com/a-/ALV-UjUr4G37-0nJhJw_s-PSpXvGx6wo0h_fLS6X1yBhwxEne9sCI922ug=s120-c-rp-mo-br100', 'local_guide': True, 'reviews': 10, 'photos': 9}",5.0,-EPAM is the home of modern engineers. The pune office is located behind sheraton grand near the pune station. The office complex is known as Sai Radhe complex which can accommodate a good amount of corporate offices. The Epam office is located on the 7th floor and the office interior is beautiful.,7 months ago,Pune,EPAM Systems
"{'name': 'Vishvas Trikutkar', 'link': 'https://www.google.com/maps/contrib/112892431947614535935?hl=en-US', 'contributor_id': '112892431947614535935', 'thumbnail': 'https://lh3.googleusercontent.com/a-/ALV-UjXMYjN3rjlr_L9lPX5NggBVz5UORl8RDhItl4o6rbOpEk-k53zxOw=s120-c-rp-mo-ba6-br100', 'local_guide': True, 'reviews': 222, 'photos': 1876}",5.0,"Newly opened office is too good.

View from the office is too good to be true.

Seating arrangements are really awesome 🤩",3 months ago,Pune,EPAM Systems
"{'name': 'Vaibhav Pise', 'link': 'https://www.google.com/maps/contrib/110157822339500038332?hl=en-US', 'contributor_id': '110157822339500038332', 'thumbnail': 'https://lh3.googleusercontent.com/a-/ALV-UjUj4Eup0qhwMIsJXmwSN12ubyNh02chpxRLvGeLweloKq5Dvyuu=s120-c-rp-mo-ba3-br100', 'local_guide': True, 'reviews': 18, 'photos': 114}",5.0,"Best company.
Visited for AWS session organized by EPAM System and AWS user group Pune.
Friendly and educative environment.
Must visit to EPAM.
Nice and supportive people.",a year ago,Pune,EPAM Systems
"{'name': 'Poorva Awale', 'link': 'https://www.google.com/maps/contrib/109074225246712878909?hl=en-US', 'contributor_id': '109074225246712878909', 'thumbnail': 'https://lh3.googleusercontent.com/a-/ALV-UjXeFVRO9mMM-D_Rt4xoRWnFF5bJSXBmFE1GTn3J8BftYBR55cM=s120-c-rp-mo-br100', 'reviews': 2, 'photos': 3}",4.0,"Company is located in the center of the city near pune station, unlike the other MNC which are at the extreme ends of pune in Hinjewadi Or Kharadi.
Travel is convenient , offices are clean and tidy and with good technical equipments. Hope they don't shift the office premises else where.",a year ago,Pune,EPAM Systems
"{'name': 'Rupesh Patil', 'link': 'https://www.google.com/maps/contrib/104272707829295996140?hl=en-US', 'contributor_id': '104272707829295996140', 'thumbnail': 'https://lh3.googleusercontent.com/a-/ALV-UjUp2vVATRic48ZkAlgD0PIv9sqghGGVT4X5E047p8ZDSSVVdD9J3A=s120-c-rp-mo-ba4-br100', 'local_guide': True, 'reviews': 119, 'photos': 235}",4.0,Great place to work. Its near Pune Railway Station.,a year ago,Pune,EPAM Systems
"{'name': 'Shuvam Pargal', 'link': 'https://www.google.com/maps/contrib/106247186593620451876?hl=en-US', 'contributor_id': '106247186593620451876', 'thumbnail': 'https://lh3.googleusercontent.com/a/ACg8ocL42FyBuhq1dbJzyN-RFiYGhc0gaFdlQXZ8BA7u-EIBTRZjiQ=s120-c-rp-mo-ba5-br100', 'local_guide': True, 'reviews': 85, 'photos': 951}",4.0,"The office is located at the seventh floor and has a capacity of 250 people. The location is good, near to pune railway station and also near to upcoming pune metro station. They have a coffee vending machine also. There is only cafeteria for the whole complex so you may find it crowded sometimes as this building holds other IT offices also like Ust hexagon",a year ago,Pune,EPAM Systems
"{'name': 'Sumit Singh', 'link': 'https://www.google.com/maps/contrib/107283459842523249186?hl=en-US', 'contributor_id': '107283459842523249186', 'thumbnail': 'https://lh3.googleusercontent.com/a-/ALV-UjUj3tMRPLLasQUFA4QpUKxgeCCv-2WgyDxexGT31V8PGcV2543OZQ=s120-c-rp-mo-br100', 'reviews': 11, 'photos': 0}",1.0,"This company engages in covert hiring practices, often referred to as ""ghost hiring."" They dedicate significant time to lengthy interviews, but when it comes to providing feedback to candidates, their enthusiasm wanes. Exercise caution when considering this company for employment",a year ago,Pune,EPAM Systems
"{'name': 'Sudhanshu Panda', 'link': 'https://www.google.com/maps/contrib/110580347724577626613?hl=en-US', 'contributor_id': '110580347724577626613', 'thumbnail': 'https://lh3.googleusercontent.com/a-/ALV-UjXjsdKf3WLOy4Sakjt4bQgO6YAMpyvipt7hiEYJn6142Bx4h8AB=s120-c-rp-mo-ba4-br100', 'local_guide': True, 'reviews': 100, 'photos': 86}",5.0,Great place to work. Nice work environment. Friendly and helpful colleagues. Supportive and motivating leaders.,a year ago,Pune,EPAM Systems
"{'name': 'Devendra Singh', 'link': 'https://www.google.com/maps/contrib/115090715469354374812?hl=en-US', 'contributor_id': '115090715469354374812', 'thumbnail': 'https://lh3.googleusercontent.com/a/ACg8ocISm1EmHE1hHHVlB4SPhIipgfkHBSbnLqZpLdRNrG8NIhNDtg=s120-c-rp-mo-ba3-br100', 'local_guide': True, 'reviews': 18, 'photos': 4}",5.0,,4 months ago,Pune,Dassault Systemes
"{'name': 'AJITESH SHUKLA', 'link': 'https://www.google.com/maps/contrib/108570796993598763907?hl=en-US', 'contributor_id': '108570796993598763907', 'thumbnail': 'https://lh3.googleusercontent.com/a-/ALV-UjWdAiIKV55NnkI0oIsECfU-gPHc6u2Anxlzt2csG_Wgofv_lzs=s120-c-rp-mo-ba4-br100', 'local_guide': True, 'reviews': 50, 'photos': 6}",5.0,,7 months ago,Pune,Dassault Systemes
"{'name': 'Shreyas Gadkari', 'link': 'https://www.google.com/maps/contrib/109250639861511445947?hl=en-US', 'contributor_id': '109250639861511445947', 'thumbnail': 'https://lh3.googleusercontent.com/a-/ALV-UjUtMUb1OYx-V2sj3BSQErgL0v3Jq4-bG9vWdH7SQ6lvnSt9jJKF=s120-c-rp-mo-br100', 'local_guide': True, 'reviews': 4, 'photos': 1}",1.0,Bad experience with hiring process. They keep on delaying the offer release till the last day with your company. Be cautious while dealing with them.,a month ago,Pune,Synechron
"{'name': 'Manoj Patidar', 'link': 'https://www.google.com/maps/contrib/101123660703165188773?hl=en-US', 'contributor_id': '101123660703165188773', 'thumbnail': 'https://lh3.googleusercontent.com/a-/ALV-UjVFVg0nJK5rHdtTDxLrtuCr1GArRtWHJxEqJD-4a6Z036y0gqY2=s120-c-rp-mo-ba3-br100', 'local_guide': True, 'reviews': 22, 'photos': 67}",5.0,"Great place to work.They provide lots of facility like gym,majas chairs and play station zone and many more and Cafeteria is also good and provides nice quality food.

The only thing is that you can face problems reaching here if you don't have your own vehicle.",2 years ago,Pune,Synechron
"{'name': 'Swathi Rai', 'link': 'https://www.google.com/maps/contrib/115355672432772991218?hl=en-US', 'contributor_id': '115355672432772991218', 'thumbnail': 'https://lh3.googleusercontent.com/a-/ALV-UjV8C6cpn_ardm7U5PMZ32kmoG2pMvllCCA2u1LXTeUc9URAms1a=s120-c-rp-mo-ba5-br100', 'local_guide': True, 'reviews': 257, 'photos': 697}",3.0,Good service based IT MNC. They mostly deal in financial domain projects. They have reputed banks as their clients. They also deal in consulting and digital platform. This office is located in Hinjewadi phase3. Their campus is huge and has many good facilities for their employees. They have good projects with all the latest technologies.,5 years ago,Pune,Synechron
"{'name': 'sugriv', 'link': 'https://www.google.com/maps/contrib/110599563416584138616?hl=en-US', 'contributor_id': '110599563416584138616', 'thumbnail': 'https://lh3.googleusercontent.com/a/ACg8ocIg5HeNrKeE3S_qQgpdClpm8uf7nhS2Hyso9KnoaK1BB6X8=s120-c-rp-mo-br100', 'reviews': 2, 'photos': 0}",5.0,"Synechron offers a modern and well-maintained campus, equipped with state-of-the-art infrastructure. The office spaces are designed to foster productivity and collaboration, with spacious workstations, comfortable seating, and ample meeting rooms.",3 months ago,Pune,Synechron
"{'name': 'yogesh renuke', 'link': 'https://www.google.com/maps/contrib/110380151943212501422?hl=en-US', 'contributor_id': '110380151943212501422', 'thumbnail': 'https://lh3.googleusercontent.com/a/ACg8ocLBD2MQWMKo0poE4KoZJoUlSfkqrOdzQWsahMh42rFHNJZqkw=s120-c-rp-mo-br100', 'reviews': 6, 'photos': 0}",5.0,"Synechron ascends office infrastructure and environment was very good and all facilities provided here was all good qualities. Campus was very large,healthy environment and polution free.",3 months ago,Pune,Synechron
"{'name': 'Sandeep Gadhave', 'link': 'https://www.google.com/maps/contrib/112522609375831237558?hl=en-US', 'contributor_id': '112522609375831237558', 'thumbnail': 'https://lh3.googleusercontent.com/a-/ALV-UjXmzJUc7yZIBJnGb6mMT_qHo1uzdDnlr-udlLgtA4barDD1tsHg9A=s120-c-rp-mo-ba3-br100', 'local_guide': True, 'reviews': 74, 'photos': 17}",5.0,"Beautiful campus, all amenities including Gym, state of the art infrastructure, ample parking, huge cafeteria, games and much more...",2 months ago,Pune,Synechron
"{'name': 'Akash Giri', 'link': 'https://www.google.com/maps/contrib/100886179855982842132?hl=en-US', 'contributor_id': '100886179855982842132', 'thumbnail': 'https://lh3.googleusercontent.com/a-/ALV-UjVc85WgNDlbsHoR7RUzjv03ipXtotzEvyBbdR9AhocZpW51y_ewGw=s120-c-rp-mo-ba3-br100', 'local_guide': True, 'reviews': 24, 'photos': 106}",5.0,Here's a glimpse of our amazing office building.,2 months ago,Pune,Synechron
"{'name': 'Madhu Khaire', 'link': 'https://www.google.com/maps/contrib/109375376949117619530?hl=en-US', 'contributor_id': '109375376949117619530', 'thumbnail': 'https://lh3.googleusercontent.com/a-/ALV-UjUqLIOlR6UIZaKQGPB5n8pVPaSAMmgI9pwRiAwLj6W9SdSOwoXk=s120-c-rp-mo-ba3-br100', 'local_guide': True, 'reviews': 15, 'photos': 15}",5.0,"I have been working at Synechron full-time for more than Seven years. One of the best company to work and blossom your career. The work environment is best, and you will always get a chance to work on the new technologies and training also provided. Synechron still offers the best salary compared to other companies and the salary hike is also good. Awesome infrastructure. Cab and Bus facility is impressive at nominal charges.",5 years ago,Pune,Synechron
"{'name': 'Harshad K', 'link': 'https://www.google.com/maps/contrib/117332201753027393908?hl=en-US', 'contributor_id': '117332201753027393908', 'thumbnail': 'https://lh3.googleusercontent.com/a-/ALV-UjUM1BjH6hnx771Y5UlRHw2fRVWWkxx1bpC73ubL42NpFDmPUUkdXg=s120-c-rp-mo-ba5-br100', 'local_guide': True, 'reviews': 322, 'photos': 364}",4.0,"Great Eon IT Park in Kharadi  ....world class facilities..... Multinational companies are growing rapidly as days are going....just amazing and naturally developed.... Great organization like ZS Associates, Mphasis, Tieto, Veritas, Vodafone, QSG Resources, and many more....also has great food cafeterias in each of the organization...for their respective company employees..",6 years ago,Pune,Tietoevry
"{'name': 'Mohd Danish', 'link': 'https://www.google.com/maps/contrib/115861731011360468925?hl=en-US', 'contributor_id': '115861731011360468925', 'thumbnail': 'https://lh3.googleusercontent.com/a/ACg8ocK4OCS7wZ8UgBnasT1g37UgTLcNE7N0OOXHA9IjsHjIcuGEZAU=s120-c-rp-mo-ba2-br100', 'local_guide': True, 'reviews': 22, 'photos': 4}",5.0,Beautiful infrastructure with the elegance of nature inside the eon IT park. The whole park is well planned designed to function for modern days.,a year ago,Pune,Tietoevry
"{'name': 'Sachin Singh', 'link': 'https://www.google.com/maps/contrib/114928812771965667216?hl=en-US', 'contributor_id': '114928812771965667216', 'thumbnail': 'https://lh3.googleusercontent.com/a-/ALV-UjU04ilRYSI8qW-oJAhKEuSJJDEf2G8znKiECqQevyJhpvRB4O4p=s120-c-rp-mo-ba5-br100', 'local_guide': True, 'reviews': 145, 'photos': 218}",3.0,"This could be a best MNC one would like to work with. Located in EON Phase I building Cluster D. Gives good appraisal apparently to their employees. People seem to be working
For like last 10-12 years in the same company",5 years ago,Pune,Tietoevry
"{'name': 'bhagyashri kharade', 'link': 'https://www.google.com/maps/contrib/118171369187602337736?hl=en-US', 'contributor_id': '118171369187602337736', 'thumbnail': 'https://lh3.googleusercontent.com/a-/ALV-UjXgJaUKcP4_fwGiUpgdr9qiUTk0cV0o_w_sp6bH10U7hOcjIyTe9g=s120-c-rp-mo-ba4-br100', 'local_guide': True, 'reviews': 43, 'photos': 166}",4.0,"Hello readers. Let me first tell you I don't travel by Uber ola or auto directly. I travel by public transportation which I feel cheap and faster than others.
I visited Tieto on 3 Rd Oct from Mumbai. Boared shivneri or any other ST bus that would drop you to Pune railway station.
Right outside the bus station you will find local city public transportation buses. Get into kharadi Goan bus and from khradi Goan it is 800 meters walk. You can get auto in worst case.
Get down at EON free zone and go to cluster D.",5 years ago,Pune,Tietoevry
"{'name': 'Abhishek Saxena', 'link': 'https://www.google.com/maps/contrib/101528079709053581133?hl=en-US', 'contributor_id': '101528079709053581133', 'thumbnail': 'https://lh3.googleusercontent.com/a-/ALV-UjV6lPJ-A3SsTzYMfWon1xN9YAFt63WiuBPSyR_Eue6dt1I4ApYb=s120-c-rp-mo-br100', 'local_guide': True, 'reviews': 3, 'photos': 0}",1.0,"Worst internal process and ethics of any company I have given interviews so far. I am mentioning my experience and suggestions in the points below.

My experience:
1) I got a call from HR for a vacancy and we discussed everything including skills set, experience and required package.
2) I have given three rounds of interviews i.e. 2 technical, 1 managerial and spent almost 3 hours of mine.
3) Had to follow up all the times for feedback.
4) Cleared both of the technical rounds and the managerial round was good, The hiring manager provided all the details regarding company and project(s) but at the end he asked for package negotiation which was completely disgusting as the package was discussed from the beginning.
5) I had to again ask for feedback but the HR who was handling my candidature resigned in between and didn't respond then after 3-4 days I got contact of another HR, she also didn't share the feedback then again I had to call the very next day.
6) She told me that you did not receive positive feedback in the managerial round and when I asked for the reason, they didn't share anything.

Suggestion:
1) If the company and project is not having that much budget then HR and HM should not shortlist the respective candidates and should not waste their time.
2) Internal communication and process should be improved in terms of hiring.
3) Technical interviewers and managers should not ask for packages and negotiations.

Think before wasting your time with such companies.

Good Luck!!",a year ago,Pune,Tietoevry
"{'name': 'Tushar Kose', 'link': 'https://www.google.com/maps/contrib/112214535585345239974?hl=en-US', 'contributor_id': '112214535585345239974', 'thumbnail': 'https://lh3.googleusercontent.com/a-/ALV-UjVp5LfPU1bngElpAxUiy52xUZeHwTfIIBRgKXi7azCSBWqofN9PGQ=s120-c-rp-mo-ba2-br100', 'local_guide': True, 'reviews': 11, 'photos': 17}",5.0,"Tietoevry is the best company for anyone to looked up on it, They provide excellent work life balance and great value towards there employees.",6 months ago,Pune,Tietoevry
"{'name': 'shifa shaikh', 'link': 'https://www.google.com/maps/contrib/103399345977979154528?hl=en-US', 'contributor_id': '103399345977979154528', 'thumbnail': 'https://lh3.googleusercontent.com/a-/ALV-UjWQQmOStRmLFW8ERGv0k1h0n1Bn_vsJd5C4_3hc6MOR0s5qWGXp=s120-c-rp-mo-br100', 'reviews': 3, 'photos': 0}",5.0,"1.The organization is excellent in terms of work life balance.
2.They believe in upgrading their employees with latest certifications and technologies and offer great platform for the same.
3.Management is approachable and takes employees asks or queries in consideration.
4.No micro management at all.
Overall a great company to be associated and work with.",2 years ago,Pune,Tietoevry
"{'name': 'DHANANJAY RAHANE', 'link': 'https://www.google.com/maps/contrib/118162019611675035975?hl=en-US', 'contributor_id': '118162019611675035975', 'thumbnail': 'https://lh3.googleusercontent.com/a-/ALV-UjWF6HovMvVbswrHhCkAp-eGd7D8qU3VS8M5R4EmOV3hodmL3Z24Kw=s120-c-rp-mo-br100', 'local_guide': True, 'reviews': 3, 'photos': 0}",5.0,Work life balance.. employee friendly,5 months ago,Pune,Tietoevry
"{'name': 'Priyamvada Parihar', 'link': 'https://www.google.com/maps/contrib/103522164368039151377?hl=en-US', 'contributor_id': '103522164368039151377', 'thumbnail': 'https://lh3.googleusercontent.com/a/ACg8ocLx4WYk8gmBhVmkywrbiT2CW67lBmWChGvhbTXvXZ1QY59j8g=s120-c-rp-mo-br100', 'reviews': 3, 'photos': 1}",1.0,"Had the worst recruitment process ever. Spent the entire day just for the Pre-HR and Technical rounds. During the technical round, each candidate was given only 2 minutes since it was already late. I was asked just one question, and as soon as I finished speaking, I was sent off. Extremely unprofessional recruitment process. Highly disappointed.

I wish there was an option to not even give one star for the rating.",a week ago,Pune,Yardi Systems
"{'name': 'Bhargavi Jape', 'link': 'https://www.google.com/maps/contrib/100332109353679356306?hl=en-US', 'contributor_id': '100332109353679356306', 'thumbnail': 'https://lh3.googleusercontent.com/a-/ALV-UjVjpLq9Zm-ggDFNN2Dus94PWHk-urr-J6Ov9u2Jm3sg-29Bh6gF=s120-c-rp-mo-br100', 'local_guide': True, 'reviews': 10, 'photos': 0}",1.0,"Don't even wish to give that one star also
Poor management
I was called for an interview via mail but when I reached there, HR informed me that the director Mam (Aarty Sonambekar Deshmukh) who was supposed to take the interview did not read the interview scheduled mail. This is a totally unprofessional behaviour of her being a director there!
The HR again called me the next day and the interview was conducted 1 hour later than the scheduled time. No time management!
During the interview I felt she deep digged unnecessarily into my personal issues which none other interviewer asked me about.
Thank you for wasting 2 days of my office.",7 months ago,Pune,Yardi Systems
"{'name': 'Akhilesh Behera', 'link': 'https://www.google.com/maps/contrib/109954085746780199596?hl=en-US', 'contributor_id': '109954085746780199596', 'thumbnail': 'https://lh3.googleusercontent.com/a-/ALV-UjXwNpmU5fnyA_oNdYv_i6EAKYDxa8rFa7hhbtfJzDFt0SOutV9U=s120-c-rp-mo-ba7-br100', 'local_guide': True, 'reviews': 327, 'photos': 8715}",1.0,Hr behaviour was a very rude attitude problem she said you look not happy like hr is making fun of interview candidates.Scam is done by Yardi since past 3-4 years.They post job opening and for sake of taking interview they are conducting for crowd gatherings.Pathetic people investing huge time for career.for 1 job  opening 100-200 people were interviewed.,7 months ago,Pune,Yardi Systems
"{'name': 'TRADER Shailesh', 'link': 'https://www.google.com/maps/contrib/107701475142967368210?hl=en-US', 'contributor_id': '107701475142967368210', 'thumbnail': 'https://lh3.googleusercontent.com/a-/ALV-UjW1nOStR_qQa7x6jkkqZg_g3l3m7v9hZ60HilQuLG8LcL5hoAY=s120-c-rp-mo-br100', 'local_guide': True, 'reviews': 2, 'photos': 0}",1.0,"Company culture not good. Employees often feel demotivated and disengaged due to the negative atmosphere perpetuated by the Seniors who have been with the same organization for over 12 years.
I recommend guys please dont join Yardi.
It’s manipulating with many candidates  career.",10 months ago,Pune,Yardi Systems
"{'name': 'Rohit Gholap', 'link': 'https://www.google.com/maps/contrib/100051865828627090117?hl=en-US', 'contributor_id': '100051865828627090117', 'thumbnail': 'https://lh3.googleusercontent.com/a/ACg8ocIGjxLioNBYeYcSzppZvVteSyoGMIKH3S8y50z-c43h2Gw-1w=s120-c-rp-mo-br100', 'local_guide': True, 'reviews': 1, 'photos': 0}",1.0,Company culture was not good hr was very rude and insulting. They call me for Sr. Audit Specialist after clearing 2 rounds they told me that we are looking for data entry position.,9 months ago,Pune,Yardi Systems
"{'name': 'Shubham Zirpe', 'link': 'https://www.google.com/maps/contrib/104981660817270993579?hl=en-US', 'contributor_id': '104981660817270993579', 'thumbnail': 'https://lh3.googleusercontent.com/a-/ALV-UjV10vE5UMNiGLaI6MX8cy6g-FkXpVGyqrKMdIJW5T7m0-IYDRXT=s120-c-rp-mo-ba2-br100', 'local_guide': True, 'reviews': 26, 'photos': 6}",1.0,"Worst management....Fresher as well as experienced guys don't left your previous organization to join this fraud company if you want to secure the future
They are just playing with employee mindset.....Work culture is worst ever I seen.
No cab service 9 to 6 shift is only for name & even lady employees have to work more than 12 hours. Never false for their payment policy, you will ruine your whole work life balance",a year ago,Pune,Yardi Systems
"{'name': 'Rohan Mantala', 'link': 'https://www.google.com/maps/contrib/113996040178275297373?hl=en-US', 'contributor_id': '113996040178275297373', 'thumbnail': 'https://lh3.googleusercontent.com/a-/ALV-UjWQDZTvi4o97rsHgSS29PrdiURc8MlBI73ohAJMi9dnSDS4Jrbv=s120-c-rp-mo-ba2-br100', 'local_guide': True, 'reviews': 5, 'photos': 0}",1.0,"Fraud Company! Applied for Consultant position there! I was called for interview cleared Pre HR round then Technical Round was conducted by Mr.Kunal Pokale...After interview he immediately said Good from his side and that we can proceed further with Managerial Round!
And then after 5 min Mr.Pokale said that Manager isn't available today will Call/Email you back later!
And now after following up for 20 days they say I was not selected in Technical Round itself!!
This was very unprofessional by Yardi Team & Mr.Pokale, he being a CA should have maintained professional attitude and ethical behaviour in the hiring process!",a year ago,Pune,Yardi Systems
"{'name': 'Deepak Gawai', 'link': 'https://www.google.com/maps/contrib/113129738728300918050?hl=en-US', 'contributor_id': '113129738728300918050', 'thumbnail': 'https://lh3.googleusercontent.com/a-/ALV-UjVwEZ4LzE0nfZTSV7BmcE3or_hxb4p0_C453_iGyacq07-nPfpF=s120-c-rp-mo-br100', 'reviews': 4, 'photos': 1}",5.0,"Very nice place, I am very happy",3 months ago,Pune,Yardi Systems
"{'name': 'Tanmoy Chakraborty', 'link': 'https://www.google.com/maps/contrib/108017332253857784137?hl=en-US', 'contributor_id': '108017332253857784137', 'thumbnail': 'https://lh3.googleusercontent.com/a-/ALV-UjVlJnMVlT-h-VCJLUJcyfZXW_g4Ro-5NGQ7i0qZrVRH4vZgxN3HlQ=s120-c-rp-mo-ba5-br100', 'local_guide': True, 'reviews': 216, 'photos': 386}",5.0,An awesome place to work for. I have worked there for sometime 1.5 years. The place is awesome the redhat building tower 10 view is awesome. Also the magarpatta city is one of the great place to be.,5 years ago,Pune,Red Hat
"{'name': 'Satyam Jaiswal', 'link': 'https://www.google.com/maps/contrib/100973707054342048655?hl=en-US', 'contributor_id': '100973707054342048655', 'thumbnail': 'https://lh3.googleusercontent.com/a-/ALV-UjXW6Ulh_nXY16DHgga60pEVF3yqV0bjWIWeW0DLLFOwiLQptCcLXg=s120-c-rp-mo-ba4-br100', 'local_guide': True, 'reviews': 37, 'photos': 152}",4.0,"The infrastructure of this place is very attractive, and the management and security is very good. You have to show proper ID like PAN card to get entry. The offices inside are named based on historical places like, Sindhudurg, LauhGadh etc.",6 years ago,Pune,Red Hat
"{'name': 'Azizur Rahman', 'link': 'https://www.google.com/maps/contrib/103397037039915458593?hl=en-US', 'contributor_id': '103397037039915458593', 'thumbnail': 'https://lh3.googleusercontent.com/a/ACg8ocK2TEPqhtoxEvw98Jca1DDEWoa1GiZb1TddJQ4D197H6wNsRy8=s120-c-rp-mo-br100', 'local_guide': True, 'reviews': 2, 'photos': 0}",1.0,I am Azizurrahman from Delhi. My friend has given an interview online and he is selected. But the company is charging 1.12 lpa for security purposes. Is this right please tell me because I don't know about the company.,7 months ago,Pune,Red Hat
"{'name': 'Karan Sandha', 'link': 'https://www.google.com/maps/contrib/105212848642191350292?hl=en-US', 'contributor_id': '105212848642191350292', 'thumbnail': 'https://lh3.googleusercontent.com/a-/ALV-UjVq5aFlQhkLcDNU7GkT4pytLtH9V7bafSb7LEvjfZK7SaPe1dJO=s120-c-rp-mo-ba4-br100', 'local_guide': True, 'reviews': 61, 'photos': 668}",5.0,Though the attached photos are from the tech park. The working environment in Redhat is awesome.,5 years ago,Pune,Red Hat
"{'name': 'Gaurav Kulkarni', 'link': 'https://www.google.com/maps/contrib/108566139035380313803?hl=en-US', 'contributor_id': '108566139035380313803', 'thumbnail': 'https://lh3.googleusercontent.com/a-/ALV-UjXNDJAhU1mzBIUxUjy_jUWdPIvxO6VxBI25kIAJO0gRWpiRopNzGA=s120-c-rp-mo-ba3-br100', 'local_guide': True, 'reviews': 32, 'photos': 88}",5.0,"Best places to work, good infrastructure, great office and friendly staff.",2 years ago,Pune,Red Hat
"{'name': 'Niladri Saha', 'link': 'https://www.google.com/maps/contrib/113712728350606394292?hl=en-US', 'contributor_id': '113712728350606394292', 'thumbnail': 'https://lh3.googleusercontent.com/a/ACg8ocKEWguMgKjbw-9EnKrXbAwnbtcpnkDd4_wnP9XwvG40EFYyRuQ=s120-c-rp-mo-ba4-br100', 'local_guide': True, 'reviews': 194, 'photos': 5}",3.0,"Great company to work with. Everyone's dream to work with them but they should streamline the interview process and try to give an opportunity to deserving candidates to appear in interview. However, they rarely do that.",a year ago,Pune,Red Hat
"{'name': 'Pradeep Pal', 'link': 'https://www.google.com/maps/contrib/106068009404161417734?hl=en-US', 'contributor_id': '106068009404161417734', 'thumbnail': 'https://lh3.googleusercontent.com/a-/ALV-UjVeYUC4X15flkNLXPIkreWEarh1rbDY2Oftyo8RY40cyF_24z0c=s120-c-rp-mo-ba5-br100', 'local_guide': True, 'reviews': 228, 'photos': 1372}",5.0,It a wonderful office and staff too...,4 years ago,Pune,Red Hat
"{'name': 'Samir Khan', 'link': 'https://www.google.com/maps/contrib/108390871378232087989?hl=en-US', 'contributor_id': '108390871378232087989', 'thumbnail': 'https://lh3.googleusercontent.com/a-/ALV-UjVT3YLooGv5wK1m5KH9XclKw4DeWhcFgjUF8dpzw1js4eB7jvSqdg=s120-c-rp-mo-ba5-br100', 'local_guide': True, 'reviews': 258, 'photos': 115}",5.0,Working with Red Hat for 4.8 years has provided me with invaluable learning experiences from colleagues and management.,5 months ago,Pune,Red Hat
"{'name': 'Swathi Rai', 'link': 'https://www.google.com/maps/contrib/115355672432772991218?hl=en-US', 'contributor_id': '115355672432772991218', 'thumbnail': 'https://lh3.googleusercontent.com/a-/ALV-UjV8C6cpn_ardm7U5PMZ32kmoG2pMvllCCA2u1LXTeUc9URAms1a=s120-c-rp-mo-ba5-br100', 'local_guide': True, 'reviews': 257, 'photos': 697}",3.0,"Product based IT company located in Baner, Pune. Mainly into storage domain. MNC company. Good work. Good people. Nice work culture. Lots of scope to learn for people who have actual interest in development. Nice infrastructure. Work culture also good. Pantry available. Snacks, tea, coffee available all the time at Pantry. Parking available.",5 years ago,Pune,Veritas Technologies
"{'name': 'Vikash Singh', 'link': 'https://www.google.com/maps/contrib/109902559453252881399?hl=en-US', 'contributor_id': '109902559453252881399', 'thumbnail': 'https://lh3.googleusercontent.com/a-/ALV-UjUxL6MLjuDPryS_pMwHa1RT4F4JEFtvyFesRKkXonhcaPb7yNJk=s120-c-rp-mo-ba3-br100', 'local_guide': True, 'reviews': 38, 'photos': 48}",5.0,"Awesome place for work. It's my dream company. Veritas is one of the employees based environment company. They trust on the employee. Those people who are working in this organization,they celebrate every festival and work like a family. There environment and culture are awesome. People are so friendly and open. Proper parking is available for employee. So in a simple word I can say it's perfect IT company as per employee point of view.",6 years ago,Pune,Veritas Technologies
"{'name': 'SRIRAM REDDY', 'link': 'https://www.google.com/maps/contrib/112295519292493400008?hl=en-US', 'contributor_id': '112295519292493400008', 'thumbnail': 'https://lh3.googleusercontent.com/a/ACg8ocKw9fUOM9D5j-YizE2a5IUgQeR5fVTTC2DPEFL8UtcGf71f6A=s120-c-rp-mo-ba3-br100', 'local_guide': True, 'reviews': 18, 'photos': 21}",5.0,This company merged with the latest cohesity company lastly. It is good to get a job.,a month ago,Pune,Veritas Technologies
"{'name': 'Astitva Srivastava', 'link': 'https://www.google.com/maps/contrib/100989485966086341846?hl=en-US', 'contributor_id': '100989485966086341846', 'thumbnail': 'https://lh3.googleusercontent.com/a-/ALV-UjVgRht14AqLeBvA6CSXLUk4kzQFXAhDKgyFNOxSStnUbPk6dRl3=s120-c-rp-mo-br100', 'local_guide': True, 'reviews': 6, 'photos': 4}",5.0,Awesome place to work! Very good work culture. Colleagues are so friendly and supportive.,6 years ago,Pune,Veritas Technologies
"{'name': 'kaushal kulkarni', 'link': 'https://www.google.com/maps/contrib/112853897130444501649?hl=en-US', 'contributor_id': '112853897130444501649', 'thumbnail': 'https://lh3.googleusercontent.com/a-/ALV-UjVhoNwvdYCdeW-RK5kYjDUdcxXISY_MzFZ2ocOfVfi4z-Gg-acH=s120-c-rp-mo-ba3-br100', 'local_guide': True, 'reviews': 63, 'photos': 58}",5.0,"Best experience so far, visited for a hackathon, the friendly atmosphere here and the hospitality is un matched.",a year ago,Pune,Veritas Technologies
"{'name': 'Shreyas Ashtamkar', 'link': 'https://www.google.com/maps/contrib/106177622636217892790?hl=en-US', 'contributor_id': '106177622636217892790', 'thumbnail': 'https://lh3.googleusercontent.com/a-/ALV-UjXuFJPacWUCKf7_W1UUVZ__b3HMYXVgcDo7tbPjtN7hFodRrR4=s120-c-rp-mo-ba4-br100', 'local_guide': True, 'reviews': 53, 'photos': 108}",5.0,"Safe and great place to work in, superb view",2 years ago,Pune,Veritas Technologies
"{'name': 'Ankit Gupta', 'link': 'https://www.google.com/maps/contrib/107230833521809122958?hl=en-US', 'contributor_id': '107230833521809122958', 'thumbnail': 'https://lh3.googleusercontent.com/a-/ALV-UjWORBdIIWm9JlKzQ3oS0u0_-tDocqIvY_pJ37xeQtrLxnfr2Yy7=s120-c-rp-mo-br100', 'local_guide': True, 'reviews': 11, 'photos': 0}",5.0,"One of the best offices in pune. World class setup, staffs and facilities. Amazing company with super talents to work with. No ends to your learning capabilities.",a year ago,Pune,Veritas Technologies
"{'name': 'Ashutosh Nath', 'link': 'https://www.google.com/maps/contrib/111600676837229525835?hl=en-US', 'contributor_id': '111600676837229525835', 'thumbnail': 'https://lh3.googleusercontent.com/a-/ALV-UjVZ5ZvZgUzPLcOROjFDUvwilCCq2TQM9qZGsQgiHGMEYwMLJAgh=s120-c-rp-mo-ba2-br100', 'local_guide': True, 'reviews': 11, 'photos': 6}",4.0,"When I give 4 stars or more, I have no  very little to complain. What I feel about it is a completely technology office with all new facilities. You will also love surroundings. It's chilling and happening all the time. 😎",a year ago,Pune,Veritas Technologies
