username,rating,text,date,ct,company
"{'name': 'Akshay Gupta', 'link': 'https://www.google.com/maps/contrib/118355692526976782362?hl=en-US', 'contributor_id': '118355692526976782362', 'thumbnail': 'https://lh3.googleusercontent.com/a/ACg8ocJcvKxz5PccVYFWj90k60s8pI3MZ1RhnQCZTSI-kCUOijQc1mJg=s120-c-rp-mo-ba2-br100', 'local_guide': True, 'reviews': 12, 'photos': 23}",5.0,,2 years ago,Delhi,Salesforce
"{'name': 'Neeraj Dhaka', 'link': 'https://www.google.com/maps/contrib/109218360311800761871?hl=en-US', 'contributor_id': '109218360311800761871', 'thumbnail': 'https://lh3.googleusercontent.com/a-/ALV-UjX-viOqceBsNayM6ZeoIhwLkMSM2WJlLtZZzUI3ksGQ4vGVO11XBA=s120-c-rp-mo-ba4-br100', 'local_guide': True, 'reviews': 36, 'photos': 189}",5.0,❤️❤️ Best work life culture.,a year ago,Delhi,EPAM Systems
"{'name': 'Sanjay Kumar', 'link': 'https://www.google.com/maps/contrib/105399056889582756001?hl=en-US', 'contributor_id': '105399056889582756001', 'thumbnail': 'https://lh3.googleusercontent.com/a-/ALV-UjVpKIQFcwKr2EgSPf3tBu3Gc7uSINrCCX1QiypoLzsAMVSAEmA=s120-c-rp-mo-br100', 'local_guide': True, 'reviews': 2, 'photos': 3}",5.0,Best Wark,3 months ago,Delhi,EPAM Systems
"{'name': 'Veenu Gupta', 'link': 'https://www.google.com/maps/contrib/116821830823288253246?hl=en-US', 'contributor_id': '116821830823288253246', 'thumbnail': 'https://lh3.googleusercontent.com/a/ACg8ocKdQ9qR3M-Mc-QgPAIHO8Izeq44yOy5YF9v7ncyrCPE3f7HAA=s120-c-rp-mo-br100', 'local_guide': True, 'reviews': 8, 'photos': 1}",5.0,Great Ambience and just at walking distance from Maulsari Avenue Metro Station,a year ago,Delhi,EPAM Systems
"{'name': 'Vinit Mehta', 'link': 'https://www.google.com/maps/contrib/102850696520026337200?hl=en-US', 'contributor_id': '102850696520026337200', 'thumbnail': 'https://lh3.googleusercontent.com/a-/ALV-UjXep1rt86D93FRU4F2Edp3tBomxA_Srt9L4LONhjgVJvQdX3maV=s120-c-rp-mo-ba3-br100', 'local_guide': True, 'reviews': 15, 'photos': 37}",5.0,Awesome interior,a month ago,Delhi,EPAM Systems
"{'name': 'Dalvir Singh', 'link': 'https://www.google.com/maps/contrib/110286700413070651836?hl=en-US', 'contributor_id': '110286700413070651836', 'thumbnail': 'https://lh3.googleusercontent.com/a-/ALV-UjU4p8tWD9KneEOPpD_-raU-DzbrSxqyD3JHJM41vaybPnWM6knE=s120-c-rp-mo-ba3-br100', 'local_guide': True, 'reviews': 8, 'photos': 106}",5.0,Newly inaugurated office of EPAM in NCR. Excellent facility.,a year ago,Delhi,EPAM Systems
"{'name': 'Rohit Bansal', 'link': 'https://www.google.com/maps/contrib/113890145490990029207?hl=en-US', 'contributor_id': '113890145490990029207', 'thumbnail': 'https://lh3.googleusercontent.com/a-/ALV-UjV7LxDnLn5zcLTJiCbf8fbzjIlBtHwIe4mAoXrJW4hPwawUGSwWMg=s120-c-rp-mo-br100', 'reviews': 18, 'photos': 14}",5.0,Best location,a year ago,Delhi,EPAM Systems
"{'name': 'Ravi Singh', 'link': 'https://www.google.com/maps/contrib/113175253943578194343?hl=en-US', 'contributor_id': '113175253943578194343', 'thumbnail': 'https://lh3.googleusercontent.com/a-/ALV-UjWZR_FSsfwESlr5B3TKDEd51MgMexNtOJQK4cuIJ8ClL9Aj74tS=s120-c-rp-mo-ba3-br100', 'local_guide': True, 'reviews': 14, 'photos': 69}",4.0,Staff was nice. Office was clean.,a year ago,Delhi,EPAM Systems
"{'name': 'Mrinnal Goswami', 'link': 'https://www.google.com/maps/contrib/101684491000798326879?hl=en-US', 'contributor_id': '101684491000798326879', 'thumbnail': 'https://lh3.googleusercontent.com/a-/ALV-UjWzhzeLyIPW_sQs-8uZBFnRogR9X_r5vmeHaube_lE4cAPKuK9_=s120-c-rp-mo-br100', 'reviews': 5, 'photos': 0}",1.0,Very bad,a year ago,Delhi,EPAM Systems
"{'name': 'Kamal Nayan', 'link': 'https://www.google.com/maps/contrib/108597581247401105040?hl=en-US', 'contributor_id': '108597581247401105040', 'thumbnail': 'https://lh3.googleusercontent.com/a-/ALV-UjVT8KfeK_h_hW3ehK_fGxwMYErYk2U4upUvGKWeZEh7TQ5G0w3Z=s120-c-rp-mo-br100', 'local_guide': True, 'reviews': 3, 'photos': 0}",1.0,My personal experience was pathetic being a Trainee. The tenured one's(Supervisor) behaviour was very unprofessional & casual towards me.,a month ago,Delhi,TaskUs
"{'name': 'Saab Singh', 'link': 'https://www.google.com/maps/contrib/104272506201335219346?hl=en-US', 'contributor_id': '104272506201335219346', 'thumbnail': 'https://lh3.googleusercontent.com/a-/ALV-UjX891yby1fcpHEYOR2hk7d5Zxr9cmRvgRme-adQh2Oqxklp68bE=s120-c-rp-mo-ba3-br100', 'local_guide': True, 'reviews': 54, 'photos': 9}",4.0,"Osm office
Nice Female HR's
Professionalism in female HR

Company structure is good
But training of process is not so good
Every person discuss if training not cleared.new EMP out
Trainer should be more trained before giving training
No stability in the co.
Tl ask to emp to switch company",2 months ago,Delhi,TaskUs
"{'name': 'Rakes Jain', 'link': 'https://www.google.com/maps/contrib/105040773320466538527?hl=en-US', 'contributor_id': '105040773320466538527', 'thumbnail': 'https://lh3.googleusercontent.com/a/ACg8ocKILxE3ITgS8UzHu0t3tlYXcvLmmRU3mJqMItnQimL3tG3_XQ=s120-c-rp-mo-br100', 'reviews': 1, 'photos': 0}",1.0,Pathetic people operating completely egoistic employees. Due to some work I had to leave 2 hours early on first day they first called me 2 hours before then asked to stay for 13 hours on the first day such a bad experience,4 months ago,Delhi,TaskUs
"{'name': 'Rahul Yadav', 'link': 'https://www.google.com/maps/contrib/108832833385634689986?hl=en-US', 'contributor_id': '108832833385634689986', 'thumbnail': 'https://lh3.googleusercontent.com/a-/ALV-UjWTTQNFn-sEsT2111tN9KAq-PQgTDaFrcgSETSY0cmDkzCS1fSQ=s120-c-rp-mo-ba4-br100', 'local_guide': True, 'reviews': 101, 'photos': 45}",1.0,Don’t go by the looks of the company the people work in taskus are very egotistical and stubborn they will completely forgot you dedication and hard work over the personal grudges you may be deceived by the environment of the company but trust me its the worst place to work they done even provide the travel allowance in your pay even if you think you will be paid gor working extra hours but its a lie they just told you to raise the ticket for the less salary but no one is looking after those ticket whenever the company thinks that we have to downsize the employees they will take your small tiny mistake and terminate even if you were working there for ages 🤮🤮🤮,3 weeks ago,Delhi,TaskUs
"{'name': 'Diwakar Mishra', 'link': 'https://www.google.com/maps/contrib/114100795065027435753?hl=en-US', 'contributor_id': '114100795065027435753', 'thumbnail': 'https://lh3.googleusercontent.com/a/ACg8ocK_1GVPVFvxvPzgmhVYXBGxNz5Rh_KYi6oG2r-WE1yYOhDO5A=s120-c-rp-mo-br100', 'local_guide': True, 'reviews': 3, 'photos': 0}",1.0,"Only provide drop cab and 2000 travel sodexo card.
No incentive in any process.
Not a good place for female employees. Training team is pathetic",4 months ago,Delhi,TaskUs
"{'name': 'Prateek Kaushal', 'link': 'https://www.google.com/maps/contrib/100206860895456183443?hl=en-US', 'contributor_id': '100206860895456183443', 'thumbnail': 'https://lh3.googleusercontent.com/a/ACg8ocKsRCkgss4WnIX3mcH-3-ozFNIHGIIscmPzroDzR66csPv1_A=s120-c-rp-mo-br100', 'local_guide': True, 'reviews': 11, 'photos': 0}",5.0,Awesome work place,a month ago,Delhi,TaskUs
"{'name': 'Aniruddha kundu', 'link': 'https://www.google.com/maps/contrib/114555037946036758220?hl=en-US', 'contributor_id': '114555037946036758220', 'thumbnail': 'https://lh3.googleusercontent.com/a-/ALV-UjWwM2UkU_YrWe8ByDu1yDZz4mraiWBPibEeN_XTcJg4HARtldRx=s120-c-rp-mo-ba4-br100', 'local_guide': True, 'reviews': 63, 'photos': 4}",4.0,The aura is awesome,2 months ago,Delhi,TaskUs
"{'name': 'Ganesh Rawat', 'link': 'https://www.google.com/maps/contrib/101739323949374130779?hl=en-US', 'contributor_id': '101739323949374130779', 'thumbnail': 'https://lh3.googleusercontent.com/a-/ALV-UjUUwO-zR_MvDzbqovAE9Q0-PvWHw9Zeyz4L60qRPfYT-xMMenyU=s120-c-rp-mo-ba3-br100', 'local_guide': True, 'reviews': 54, 'photos': 4}",5.0,Nice infra,2 months ago,Delhi,TaskUs
"{'name': 'Phani A V', 'link': 'https://www.google.com/maps/contrib/113384270594061650049?hl=en-US', 'contributor_id': '113384270594061650049', 'thumbnail': 'https://lh3.googleusercontent.com/a-/ALV-UjW2ToHkzKwMVRGWFhZa0GIrZHQDvEJTq6OlQVOC2QGpWWrNYjYiUg=s120-c-rp-mo-ba3-br100', 'local_guide': True, 'reviews': 27, 'photos': 3}",1.0,"Worst company and the worst customer service.
I have used MMT 10 years ago, and they used to provide fine service.

Recently, I applied for UAE Visa through their service.
I was updated at that time, that I will get to know the starting my visa in 5 working days.
But it has been more than 10 working days, and they haven't updated the status yet

Worst, they are totally unreachable , via customer care number where you are put on hold for hours together. I literally had to disconnect the call after 2 hrs of wait.
They don't have any means or details whatsoever to reach them - no email, no chat support and no office or physical address where they can be reached.

Absolutely a sham company now.

Don't ever use their services for anything.
I'm going to remove them from my list of service providers, forget being a trusted one.",a month ago,Delhi,MakeMyTrip
"{'name': 'Pratishtha Mishra', 'link': 'https://www.google.com/maps/contrib/111154819539415335948?hl=en-US', 'contributor_id': '111154819539415335948', 'thumbnail': 'https://lh3.googleusercontent.com/a-/ALV-UjXjukIHY2ZLrGXJbnxVXuANkYjFBJfzxno5ABKHwIr1LgvzJDRc=s120-c-rp-mo-br100', 'reviews': 5, 'photos': 0}",1.0,"Such a shame and disgusting experience with @makemytrip

I booked bus tickets from Anand Vihar to Sitapur from makemy trip as Diwali was on 30th October and I got a bus at 10:15 pm after several tries. I also got messages for my pass confirmation so I reached the bus stand. After reaching there, I tried to call them (given numbers) for 1 hour but no one answered, out of safety concern I had to cancel my tickets because no one is there answer if bus will be late or what so ever. Or now when I am called him for refund (operator) Mr. Chandan is yelling at me “I will not give you any refund, go and take it from makemytrip” is this a way to talk to your customer, or your company are providing this service? I need refund!! @makemytrip",2 months ago,Delhi,MakeMyTrip
"{'name': 'Shreekanta Roychowdhury', 'link': 'https://www.google.com/maps/contrib/112824018180145692837?hl=en-US', 'contributor_id': '112824018180145692837', 'thumbnail': 'https://lh3.googleusercontent.com/a/ACg8ocIcDBZcCZmFvK4hzLxORdBvUwdpjQhpigPPp8z8_Py1utM0C4zf=s120-c-rp-mo-ba2-br100', 'local_guide': True, 'reviews': 23, 'photos': 1}",1.0,"Avoid Premium Packages with MMT – Disappointing Experience

I’d like to share my recent Andaman trip experience, booked through MMT with a premium package. We paid ₹31,000 per person for 3 travelers[excluding flight], including a child. The package promised private travel and cabs, which initially made us excited about a pleasant vacation.

However, as I write this review, I’ve realized the recurring cycle of disappointment with MMT:

Convincing Tactics: They first persuade customers to opt for a private, 4-star package.
Full Payment Requirement: Customers are forced to pay the full amount at least a month before the trip starts.
Subpar Services: Despite the premium promise, we were left with cheap services and accommodations that deviated from the voucher.
Lack of Support: No issues were addressed by the ground support team, tour manager, or MMT representatives, even after multiple escalations and SOS calls during the trip.
Post-trip Compensation: At the journey’s end, MMT offers a token apology, admitting they didn’t deliver the promised services.
As a Platinum member, I can attest that this cycle is a common experience for many MMT customers. I strongly recommend considering other travel agencies that offer far superior services at half the price.

MMT seems to lack control over their ground support, as everything is subcontracted—car rentals included—resulting in no single point of accountability.",4 weeks ago,Delhi,MakeMyTrip
"{'name': 'Ayush Singh Chauhan', 'link': 'https://www.google.com/maps/contrib/109346149815241088376?hl=en-US', 'contributor_id': '109346149815241088376', 'thumbnail': 'https://lh3.googleusercontent.com/a/ACg8ocK4ukRTJctRNi6MZX6OdjWkWRnrb5TbUN4sG2ByBaFinXBJavLx=s120-c-rp-mo-ba4-br100', 'local_guide': True, 'reviews': 98, 'photos': 35}",1.0,"It was the worst experience ever, I was overcharged by the on ground team and even after paying more I was not provided the service as promised. Never going to book any thing from MakeMyTrip. Feeling cheated on my last holiday package to Manali. The tour manager, vendor and driver all are misguiding and unethically extracting money from tourists. Highly disappointed from the service of MMT. No customer support, no regulations for vendors only motive is- Cheat the customer/tourist.",2 weeks ago,Delhi,MakeMyTrip
"{'name': 'MOHIT ROY', 'link': 'https://www.google.com/maps/contrib/101154356958358258187?hl=en-US', 'contributor_id': '101154356958358258187', 'thumbnail': 'https://lh3.googleusercontent.com/a/ACg8ocKECchg16W_aZcP66BWq4X9NFP1HixRxBa5bwlFFpvZAoU5gw=s120-c-rp-mo-br100', 'local_guide': True, 'reviews': 3, 'photos': 0}",1.0,"Worst Experience from Make My Trip
I am writing to express my dissatisfaction with the service I have received regarding my flight booking (PNR No. A99QVJ) from Bangalore to Mumbai dated 6th April 2023 as the flight has been cancelled by the airline itself and not by the customer.

Despite several attempts to resolve this matter through your customer care line, I have yet to receive my refund. Each time I reach out, representatives provide me with various excuses and shifting deadlines, leaving me frustrated and disappointed. It is incredibly disappointing to witness such a lack of accountability and customer care from a reputable company like MakeMyTrip.

Worst Organisation no one bother to respond over email and taking ownership.",3 months ago,Delhi,MakeMyTrip
"{'name': 'Mustafa Unwala', 'link': 'https://www.google.com/maps/contrib/111597883431873331960?hl=en-US', 'contributor_id': '111597883431873331960', 'thumbnail': 'https://lh3.googleusercontent.com/a-/ALV-UjV8kldvnk8Yb7c2J1Bxs46pc5lkiuyVgtmhvFI08ygUwvCvErti=s120-c-rp-mo-br100', 'local_guide': True, 'reviews': 6, 'photos': 1}",1.0,"I’ve been a regular user of MMT, but this experience was really disappointing. Although I received confirmation for my booking, the ticket was never actually processed. I had to rebook, and the cost of the new flight ended up being double the original price. To make matters worse, there was no notification about the booking cancellation—if I hadn’t called, I wouldn’t have known. Unfortunately, the call center staff were not helpful either.",2 months ago,Delhi,MakeMyTrip
"{'name': 'Vebhav Madaan', 'link': 'https://www.google.com/maps/contrib/116561708110261057251?hl=en-US', 'contributor_id': '116561708110261057251', 'thumbnail': 'https://lh3.googleusercontent.com/a-/ALV-UjXUcCjVk_9QlNAL1Q4a230xLwKuO784_oea36j4xd_LZ_baVLWQ=s120-c-rp-mo-br100', 'local_guide': True, 'reviews': 3, 'photos': 0}",1.0,"Guys beware of this app,
Never ever book your hotels international or domestic through MMT.
THEY WILL SHOW PICTURES OF DIFFERENT ROOMS during booking. We are basically being scammed by MMT in this. As when you reach the hotel they will give an entirely small different room than the one done during booking.. They provide zero support internationally and their is no way to contact them online when you are out of India.
Better book through Booking.com or Agoda for peace of mind.",3 months ago,Delhi,MakeMyTrip
"{'name': 'tripsoflove', 'link': 'https://www.google.com/maps/contrib/105574656541310708692?hl=en-US', 'contributor_id': '105574656541310708692', 'thumbnail': 'https://lh3.googleusercontent.com/a-/ALV-UjXqMH_ufs89MAX6yNwqUv4Jpmd1DbTsXEnxKJiGPzSv0KqYxsGT=s120-c-rp-mo-ba5-br100', 'local_guide': True, 'reviews': 249, 'photos': 569}",5.0,"Great security. A stranger can’t enter the office easily. Office is so clean, provides any kind of beverages for free for staff and visitors. Harsh and Avinash are great persons to deal with.",a year ago,Delhi,MakeMyTrip
"{'name': 'Shikha Priya', 'link': 'https://www.google.com/maps/contrib/113089448595171099083?hl=en-US', 'contributor_id': '113089448595171099083', 'thumbnail': 'https://lh3.googleusercontent.com/a-/ALV-UjX6VuMV0uY-tCM6bcq2STa_y1SYS-291dJNN0QueoZ9hXLFItCv=s120-c-rp-mo-br100', 'local_guide': True, 'reviews': 9, 'photos': 0}",5.0,Beautiful Work place with good facilities inside the premises!,4 months ago,Delhi,Synopsys
"{'name': 'pramod kumar', 'link': 'https://www.google.com/maps/contrib/114520146587625829111?hl=en-US', 'contributor_id': '114520146587625829111', 'thumbnail': 'https://lh3.googleusercontent.com/a-/ALV-UjVzG97-aED_cLuqVRtnH-NAv3ONLqIlSMhn84uK9tevGGDynt-y7w=s120-c-rp-mo-br100', 'reviews': 262, 'photos': 0}",5.0,"Nice,proud of India",6 months ago,Delhi,Synopsys
"{'name': 'Satyapal Gautam', 'link': 'https://www.google.com/maps/contrib/113999747471730759427?hl=en-US', 'contributor_id': '113999747471730759427', 'thumbnail': 'https://lh3.googleusercontent.com/a-/ALV-UjVGiR1f2P5obkaa-rMiMSfrW8ytDWS1Z_e6ZeTuNuF5YRUh-wr6=s120-c-rp-mo-br100', 'reviews': 4, 'photos': 0}",5.0,Good place,6 months ago,Delhi,Synopsys
"{'name': 'Atul Agnihotri', 'link': 'https://www.google.com/maps/contrib/115731008364509777327?hl=en-US', 'contributor_id': '115731008364509777327', 'thumbnail': 'https://lh3.googleusercontent.com/a-/ALV-UjWJQoXyBuQHhfhRJZYu5rzhwOW5FBO-cOKhJhpM2bOf8CFcq-A=s120-c-rp-mo-br100', 'local_guide': True, 'reviews': 9, 'photos': 3}",5.0,,a month ago,Delhi,Synopsys
"{'name': 'Amanjeet Pani', 'link': 'https://www.google.com/maps/contrib/117109519365967257530?hl=en-US', 'contributor_id': '117109519365967257530', 'thumbnail': 'https://lh3.googleusercontent.com/a-/ALV-UjV-Zdor2OvD3UPBmmGnek1geN6IZdr6V-TFPkjJMnGyCrDpikM=s120-c-rp-mo-br100', 'local_guide': True, 'reviews': 2, 'photos': 0}",4.0,,2 months ago,Delhi,Synopsys
"{'name': '20BEC078_Vishvdeep Sinhmar', 'link': 'https://www.google.com/maps/contrib/116798657457908710853?hl=en-US', 'contributor_id': '116798657457908710853', 'thumbnail': 'https://lh3.googleusercontent.com/a/ACg8ocLtv-0_fUgc0LIcDkL2q7M6mJz8bg2LOSt-PLoMLdqd9jhD2A=s120-c-rp-mo-br100', 'local_guide': True, 'reviews': 5, 'photos': 0}",5.0,,2 months ago,Delhi,Synopsys
"{'name': 'Suneel Kumar', 'link': 'https://www.google.com/maps/contrib/108279407454246533526?hl=en-US', 'contributor_id': '108279407454246533526', 'thumbnail': 'https://lh3.googleusercontent.com/a/ACg8ocILTzzhPCW7z2ug8htIWbUWki7yGinMMGgYQ7iKgdzb-NiQM-E3=s120-c-rp-mo-ba4-br100', 'local_guide': True, 'reviews': 7, 'photos': 181}",5.0,,3 months ago,Delhi,Synopsys
"{'name': 'Aakash Chaudhary', 'link': 'https://www.google.com/maps/contrib/115165584451252662692?hl=en-US', 'contributor_id': '115165584451252662692', 'thumbnail': 'https://lh3.googleusercontent.com/a/ACg8ocJE5LEeTQ1Qrt7RNok9i1T82fm53d0MvXrTGK8o4WpQwFMD7w=s120-c-rp-mo-br100', 'reviews': 1, 'photos': 0}",5.0,,5 months ago,Delhi,Synopsys
"{'name': 'myqpoint family', 'link': 'https://www.google.com/maps/contrib/113998737885596219712?hl=en-US', 'contributor_id': '113998737885596219712', 'thumbnail': 'https://lh3.googleusercontent.com/a-/ALV-UjWfU6cLKr4bzd1q30N-YvhIz44dbOXRs04hTXx1wDcKYGNcGqBc=s120-c-rp-mo-ba2-br100', 'local_guide': True, 'reviews': 13, 'photos': 8}",5.0,I joined 1 month ago and as of now it's great experience here. Work culture and infrastructure is cool and outside location is also very good. Loving to be here :),5 years ago,Delhi,Iris Software
"{'name': 'Imran Nafis', 'link': 'https://www.google.com/maps/contrib/117720137461545629580?hl=en-US', 'contributor_id': '117720137461545629580', 'thumbnail': 'https://lh3.googleusercontent.com/a-/ALV-UjX10huMF91_aUf0KWogSKeJbavtlBTJRQ3J2cunKbdlRZERs6IY=s120-c-rp-mo-ba6-br100', 'local_guide': True, 'reviews': 202, 'photos': 2726}",5.0,"Iris is a MNC which offers a challenging work environment for individuals to innovate and contribute towards developing profession in numbers of platforms and technologies. An entrepreneurial work environment for the development of career.
Iris involves in multiple domain related to information technology and it's security.
Your life at Iris means a lifelong opportunity to explore your potential, continuous growth, and the joy of working on the latest technologies alongside the finest minds in the industry. Innovation has been an important and key ingredient. Whether it is breaking into the latest technology, or spearheading process globally, Iris has continuously strived to create a class organization providing solutions. With the employee as the focus of all its initiatives, it is no wonder that Iris has been able to consistently pioneer solutions in niche areas. We believe our strength is in our people and go beyond expectation to provide a work environment that is the envy of all.",4 years ago,Delhi,Iris Software
"{'name': 'Leelu singh', 'link': 'https://www.google.com/maps/contrib/109455531644018033989?hl=en-US', 'contributor_id': '109455531644018033989', 'thumbnail': 'https://lh3.googleusercontent.com/a/ACg8ocLAlTfl8bRV775hv1ZToo5F46X5akfj7MW41npCzHzKDICXJQ=s120-c-rp-mo-br100', 'local_guide': True, 'reviews': 1, 'photos': 0}",2.0,"Guys if you are going for an interview at iris software for an IT position as a third party engineer and on a contract basis please don't go they don't respect their contract and third party workers only care about getting the work done however iris software is a good company if you are joining for the direct its position so consider that instead

Work
interview
Organization
HR
metro
Documents
Building",7 months ago,Delhi,Iris Software
"{'name': 'ROCKY MAJUMDAR', 'link': 'https://www.google.com/maps/contrib/109633775312385313071?hl=en-US', 'contributor_id': '109633775312385313071', 'thumbnail': 'https://lh3.googleusercontent.com/a-/ALV-UjWfr7Rqp5uzNddMA2lItnJRJBjBbSxeTC_tOI71WrwsjI-p1AID=s120-c-rp-mo-ba5-br100', 'local_guide': True, 'reviews': 94, 'photos': 591}",5.0,"I've been with IRIS Software for four years, and it's been an enriching journey. The company boasts excellent management, fostering a work environment that values both balance and continuous learning. The commitment to professional growth is commendable, making it a great place for long-term aspirations. Overall, my experience has been nothing short of rewarding, and I look forward to contributing to the success of IRIS Software in the years to come",a year ago,Delhi,Iris Software
"{'name': 'anshul mehta', 'link': 'https://www.google.com/maps/contrib/116878429671933777326?hl=en-US', 'contributor_id': '116878429671933777326', 'thumbnail': 'https://lh3.googleusercontent.com/a/ACg8ocL8phOL4bJVWDaFs35wzMm37T5PkMLdOimJhkPk1dE1VTIIgOOZ=s120-c-rp-mo-br100', 'local_guide': True, 'reviews': 2, 'photos': 0}",1.0,"Not sure why do they take the documents before providing the offer letter. After all the negotiations and sharing the CTC, the position went on hold. Its not worth spending time/money for the interview with this company.
F2F interview done by : Prem Swarup
HR contact : Akanksha Sharma/ Shivika Chandel",9 months ago,Delhi,Iris Software
"{'name': 'anil saini', 'link': 'https://www.google.com/maps/contrib/117221465931225644900?hl=en-US', 'contributor_id': '117221465931225644900', 'thumbnail': 'https://lh3.googleusercontent.com/a-/ALV-UjVnrTv9NQmjpdKDoSLSjb0p-UZNheZMEf4xiFwaglyrS65hNXjx=s120-c-rp-mo-br100', 'local_guide': True, 'reviews': 5, 'photos': 0}",1.0,Farzi interview process take 1 year to hire   a candidate. Do not waste your time with such companies purely client based.,7 months ago,Delhi,Iris Software
"{'name': 'Ankit K Goswami', 'link': 'https://www.google.com/maps/contrib/106049812130088776796?hl=en-US', 'contributor_id': '106049812130088776796', 'thumbnail': 'https://lh3.googleusercontent.com/a-/ALV-UjW0X4c9TEa5z-IYaq1XcU3L0LbAF-I0iOoHe_jZ2atl434jnqX9=s120-c-rp-mo-ba4-br100', 'local_guide': True, 'reviews': 59, 'photos': 71}",4.0,Good company to work with. Having various technologies to develope and support the products of various clients.,5 years ago,Delhi,Iris Software
"{'name': 'Pulkit Rastogi', 'link': 'https://www.google.com/maps/contrib/105045834952050137135?hl=en-US', 'contributor_id': '105045834952050137135', 'thumbnail': 'https://lh3.googleusercontent.com/a/ACg8ocJ9yV1poiPdSDE9Udw2S_MtpfYaTH0sGe70CU6EfEkJ8gxt5g=s120-c-rp-mo-ba3-br100', 'local_guide': True, 'reviews': 62, 'photos': 4}",4.0,"Nice company
Good banking projects
Good health and term insurance policy
Lot of initiatives for learning.
Senior folks are very supportive ...
Outside parking is chargeable
Next to advent tower.
Good  pay master
Onsite are less but they are improving
Good culture",2 years ago,Delhi,Iris Software
"{'name': 'Muskan Shukla', 'link': 'https://www.google.com/maps/contrib/105881946831025115395?hl=en-US', 'contributor_id': '105881946831025115395', 'thumbnail': 'https://lh3.googleusercontent.com/a/ACg8ocLCeTVv5DjoXH1XqC5vkYon1m5ldzmNyL95MoTBI7_xscpnFA=s120-c-rp-mo-br100', 'local_guide': True, 'reviews': 4, 'photos': 0}",5.0,"Juices, fruits, lassi, dry cakes, etc are available for employees for free in the breakout area. Had a very chilled out manager. Overall a very great place to work in.",2 weeks ago,Delhi,Chegg
"{'name': 'RAJESH KUMAR', 'link': 'https://www.google.com/maps/contrib/110725108298724446467?hl=en-US', 'contributor_id': '110725108298724446467', 'thumbnail': 'https://lh3.googleusercontent.com/a-/ALV-UjW-yOOU8y3Y4LxAE8ilcUbSiQsYfkosEVpDMgwYoGmrAzeYYxBH7Q=s120-c-rp-mo-ba4-br100', 'local_guide': True, 'reviews': 67, 'photos': 187}",5.0,"I had first works as an MNE as an chemistry expert, then I had joined physical workplace at NEW Delhi branch in 2019, the company is really the environment and the policies are very flexible they had given work from home for two years, som of the best things are  flexible time, hybrid working,  snacks , food, health and medical  for self and also for parent's, and 2 week offs etc.",2 years ago,Delhi,Chegg
"{'name': 'Tushar Makvana', 'link': 'https://www.google.com/maps/contrib/110058910085312334615?hl=en-US', 'contributor_id': '110058910085312334615', 'thumbnail': 'https://lh3.googleusercontent.com/a-/ALV-UjWXT14U_BOfMIp2d9ZmsrrhELt3ixln_AJ-d3F3OPrmpEvZ8Arl=s120-c-rp-mo-br100', 'local_guide': True, 'reviews': 1, 'photos': 0}",3.0,"All ok your company is best but please sir reply me 1 day 30 account revok not properly resoan only for machine reply all answers sems.
but ticket raise and not positive reply.
Not Homen answer only machine reply all answers sems.

If you don't want to leave my entire team without money, please reactivate all our 30 accounts in 2-3 days.  We had only one earning site which was Chegg",4 months ago,Delhi,Chegg
"{'name': ""I Gupta's"", 'link': 'https://www.google.com/maps/contrib/111134737963819583173?hl=en-US', 'contributor_id': '111134737963819583173', 'thumbnail': 'https://lh3.googleusercontent.com/a/ACg8ocI-a06VaSeZFM9o78CUZJGPDGQVYggSAKYv8V1P3iSEV2VmVwA=s120-c-rp-mo-br100', 'local_guide': True, 'reviews': 2, 'photos': 0}",1.0,"Toxic workplace, no respect and no care for its staff (employee or especially a freelancer). For freelancers, they treat like sub-human with deliberate automated replies and insanely turning down their howsoever urgent queries/ request. An onset of how AI culture will look like; NO feelings for anyone; just insanity and stubborness. Also, it is no wonder that it's share price (once 112$ to now 3.50$) is very much justified and is poised to get delisted from NYSE soon, regardless of ratings given by analysts and brokerage firms.
Anyone who grossly violates the principles of ethics, or doesn't have any compassionate feeling towards the 'deserved ones' atleast; but instead keep on doing injustices towards them at any level, deserves to get destroyed completely; either in disguised form (e.g. due to technology advancements such as gen AI etc) or by direct natural 'vibrations' radiated out from the curse received from the victims. ""Do explore the concept of VIBRATIONS"", (which by the way is itself a huge field in the engineering/science discipline than just being a philosphy), that will be my final suggestion to so called in-house experts /managers /directors/ of such unethical & barbarous companies.",6 months ago,Delhi,Chegg
"{'name': 'Mani Yadav', 'link': 'https://www.google.com/maps/contrib/105156267822390863379?hl=en-US', 'contributor_id': '105156267822390863379', 'thumbnail': 'https://lh3.googleusercontent.com/a-/ALV-UjU6wlxSEkGak9f3T9dKCyUigNieElAoqDwVncYl1-4uACJWIdpf=s120-c-rp-mo-br100', 'local_guide': True, 'reviews': 1, 'photos': 0}",5.0,Some say this agency is great to work with and that they are happy with the results.,a month ago,Delhi,Chegg
"{'name': 'Darshan E', 'link': 'https://www.google.com/maps/contrib/112207599613067282124?hl=en-US', 'contributor_id': '112207599613067282124', 'thumbnail': 'https://lh3.googleusercontent.com/a-/ALV-UjWGaIOc56ZNwxcNCQcBGRnKf-ksKqWDT1o7UUxLqOb_na8wWXsK=s120-c-rp-mo-br100', 'reviews': 2, 'photos': 2}",5.0,Good and better for family  party hall,5 days ago,Delhi,Chegg
"{'name': 'firoj khan', 'link': 'https://www.google.com/maps/contrib/107822985017797547434?hl=en-US', 'contributor_id': '107822985017797547434', 'thumbnail': 'https://lh3.googleusercontent.com/a/ACg8ocKxRUbaP9aYSB5JkDqzihk5yeZ4san9wo4P0nhqqkhTpCIUBQ=s120-c-rp-mo-br100', 'reviews': 1, 'photos': 1}",1.0,this is the most fraud company they dont pay last month salary,5 months ago,Delhi,Chegg
"{'name': 'Ojasvi Balotia', 'link': 'https://www.google.com/maps/contrib/108156818456297065138?hl=en-US', 'contributor_id': '108156818456297065138', 'thumbnail': 'https://lh3.googleusercontent.com/a-/ALV-UjXlwHhZN-wPP7k_QsI5H-zceryPzybGJ2BqMfEOs9SXxkavBAzM=s120-c-rp-mo-ba4-br100', 'local_guide': True, 'reviews': 29, 'photos': 9}",5.0,One of the coolest office space to work in plus the company's management is cool and very supportive. Informal dress code is followed here.,a year ago,Delhi,Chegg
"{'name': 'Jatin Kumar', 'link': 'https://www.google.com/maps/contrib/114140227727660952122?hl=en-US', 'contributor_id': '114140227727660952122', 'thumbnail': 'https://lh3.googleusercontent.com/a-/ALV-UjUUO4Pm_ZtU0PhtlY2zML1CRfBUyBxoRm7fa4a5qJ1gCm1HlONG=s120-c-rp-mo-ba6-br100', 'local_guide': True, 'reviews': 175, 'photos': 1619}",4.0,"very nice, neat and clean atmosphere.
Cadence one, Team one, World one.
Thanks.",8 months ago,Delhi,Cadence Design Systems
"{'name': 'Abhimanyu Bhowmik', 'link': 'https://www.google.com/maps/contrib/110316043924451832127?hl=en-US', 'contributor_id': '110316043924451832127', 'thumbnail': 'https://lh3.googleusercontent.com/a/ACg8ocL5EstO_EhAQPkxbUfQH0t90tc3nbQ9WPXuCF0Gp31IJcu77w=s120-c-rp-mo-br100', 'reviews': 1, 'photos': 0}",4.0,Working here for 4+ years. Very good work life balance. People and management are friendly. Get to work on solving some interesting problems. Employees have been here for 25 years or more.,8 months ago,Delhi,Cadence Design Systems
"{'name': 'Swati Chauhan', 'link': 'https://www.google.com/maps/contrib/118065413958167638999?hl=en-US', 'contributor_id': '118065413958167638999', 'thumbnail': 'https://lh3.googleusercontent.com/a-/ALV-UjVTxS1Vo_sH7K116L7Y4rynYqWbf9UyfzuC6Ww95fAJZsFwiXXl=s120-c-rp-mo-ba4-br100', 'local_guide': True, 'reviews': 33, 'photos': 153}",5.0,The location is really very nice and the environment here is too lively.,2 years ago,Delhi,Cadence Design Systems
"{'name': 'Parul Srivastava', 'link': 'https://www.google.com/maps/contrib/108750953699879189650?hl=en-US', 'contributor_id': '108750953699879189650', 'thumbnail': 'https://lh3.googleusercontent.com/a-/ALV-UjUkWk89z3kEd_CA2dEtWhGPVg53cefPfa6x5pyCRzx81gfuPYr4dQ=s120-c-rp-mo-ba5-br100', 'local_guide': True, 'reviews': 50, 'photos': 306}",5.0,I have gone to attend Family Day...i like the place,9 months ago,Delhi,Cadence Design Systems
"{'name': 'Thakur Jain', 'link': 'https://www.google.com/maps/contrib/105471246337451190618?hl=en-US', 'contributor_id': '105471246337451190618', 'thumbnail': 'https://lh3.googleusercontent.com/a-/ALV-UjV2Do082pB3s_9m48K0l_88I_ulVV78qLLsMiR3-gnVepF2-mgZ=s120-c-rp-mo-ba3-br100', 'local_guide': True, 'reviews': 52, 'photos': 40}",5.0,"Nicely maintained, good vibe office.",10 months ago,Delhi,Cadence Design Systems
"{'name': 'Anirudh Jain', 'link': 'https://www.google.com/maps/contrib/105532268599457976497?hl=en-US', 'contributor_id': '105532268599457976497', 'thumbnail': 'https://lh3.googleusercontent.com/a-/ALV-UjW0fJh8V-PUHprYJ9H4GtUcBnvof-Xg12tph_EWn0KMLSBHSWAoeg=s120-c-rp-mo-ba5-br100', 'local_guide': True, 'reviews': 64, 'photos': 900}",5.0,"Core Company of Electrical
#GoogleForElectricalStudents
#TopCompaniesPeopleLikeToWorkIn
#AwesomeAmbience",5 years ago,Delhi,Cadence Design Systems
"{'name': 'Priyanka Singh', 'link': 'https://www.google.com/maps/contrib/106651859303118159984?hl=en-US', 'contributor_id': '106651859303118159984', 'thumbnail': 'https://lh3.googleusercontent.com/a/ACg8ocK64nucKdtKer3RESX8hEBQMpneUmB_uTze7oxA102lZlVwNQ=s120-c-rp-mo-br100', 'reviews': 1, 'photos': 0}",1.0,"Most pathetic company. The receptionist is so rude and arrogant. Doesn't even know how to speak to a person. Highly unprofessional behaviour.
Contacted them business association but thank god. Never work with these people.",a year ago,Delhi,Cadence Design Systems
"{'name': 'Piyush Anand Verma', 'link': 'https://www.google.com/maps/contrib/117578913793290298094?hl=en-US', 'contributor_id': '117578913793290298094', 'thumbnail': 'https://lh3.googleusercontent.com/a/ACg8ocK_1TZLyjdP6oGJ-ItY2O-vwrO7S_ckDgImxOGip7o2T9oplA=s120-c-rp-mo-br100', 'local_guide': True, 'reviews': 7, 'photos': 5}",4.0,An awesome place to work in. Great work environment.,6 years ago,Delhi,Cadence Design Systems
"{'name': 'Yash Rishivanshi', 'link': 'https://www.google.com/maps/contrib/102260056644131079019?hl=en-US', 'contributor_id': '102260056644131079019', 'thumbnail': 'https://lh3.googleusercontent.com/a-/ALV-UjVI1g_DwNrSjwUh4gYY_I_WPSbsrcyCfY8K6xfkxGXPKawOLuZR6g=s120-c-rp-mo-ba5-br100', 'local_guide': True, 'reviews': 72, 'photos': 1261}",5.0,"SAP Labs Gurgaon, Best place to work in India.
They provide healthy competitive work culture with great new niche learnings and skills.
From Free Food in offices to Pickup and Drop with so many additional benefits free fruits, cookies etc etc and not to forget evening snacks.",a year ago,Delhi,SAP
"{'name': 'Nitish Mehta', 'link': 'https://www.google.com/maps/contrib/102462013617823060928?hl=en-US', 'contributor_id': '102462013617823060928', 'thumbnail': 'https://lh3.googleusercontent.com/a-/ALV-UjXh0vn6cTwMNzxb-9q7G36QF8AHScvd_rkUUQVfjelM5hOVKW7fDw=s120-c-rp-mo-ba4-br100', 'local_guide': True, 'reviews': 78, 'photos': 476}",5.0,One of the best places to work for in India.  Great HR policies.,8 years ago,Delhi,SAP
"{'name': 'Avinash Sunny', 'link': 'https://www.google.com/maps/contrib/102082219552918225708?hl=en-US', 'contributor_id': '102082219552918225708', 'thumbnail': 'https://lh3.googleusercontent.com/a-/ALV-UjVoNHeh43DmKu_BP-zs0KmMCb3yOVSqbJ0byFH_kyKRpeOew8gq=s120-c-rp-mo-ba3-br100', 'local_guide': True, 'reviews': 28, 'photos': 11}",5.0,Awesome company..... Treats employees like guests.... They provide everything with a high standards.... Everything is clean and hygine..... Work culture is friendly and supportive..... High recommended for your career growth..... Can learn a lot new things here.... And you should be ready for the challenges here which are interesting and can be enjoyed.,5 years ago,Delhi,SAP
"{'name': 'Rohit Aneja', 'link': 'https://www.google.com/maps/contrib/106810679409072912009?hl=en-US', 'contributor_id': '106810679409072912009', 'thumbnail': 'https://lh3.googleusercontent.com/a-/ALV-UjUlv-Do2mWW_qwLvL-tn4G9duYk0fEkAMrCPDwvtr52awzJ1YwRYg=s120-c-rp-mo-ba4-br100', 'local_guide': True, 'reviews': 112, 'photos': 184}",4.0,"Great place to work, healthy environment superb co-workers. The campus is good but not very big, considering other companies like harley davidson etc are also in vicinity. Parking is dedicated for employees and visitors can either park on ground outside, if guards allow or park outside.",4 years ago,Delhi,SAP
"{'name': 'Sureshraju Datla', 'link': 'https://www.google.com/maps/contrib/116629049318822261540?hl=en-US', 'contributor_id': '116629049318822261540', 'thumbnail': 'https://lh3.googleusercontent.com/a-/ALV-UjWJ54TbOFMgka-4XyHcQ3U2GOCOo_euhgF_50YRMOOH6SvufqY=s120-c-rp-mo-ba3-br100', 'local_guide': True, 'reviews': 74, 'photos': 66}",4.0,Nice place to Work,7 years ago,Delhi,SAP
"{'name': 'rudra mishra', 'link': 'https://www.google.com/maps/contrib/104354586485491145921?hl=en-US', 'contributor_id': '104354586485491145921', 'thumbnail': 'https://lh3.googleusercontent.com/a-/ALV-UjVDlOTXdhQCLck1vfwpBnwngIE0wZgdLjHjAq8FwrvcK_mMxK7c=s120-c-rp-mo-ba4-br100', 'local_guide': True, 'reviews': 40, 'photos': 58}",5.0,"Hey, this place is a dream for SAP CONSULTANT. You would dream to work over here. Decent location for the office, went for  an interview there. I loved watching people all over the place, roaming around, holding lappy. Have a nice cafeteria, smoking zone.",6 years ago,Delhi,SAP
"{'name': 'Vijay Yadav', 'link': 'https://www.google.com/maps/contrib/115660365442300240437?hl=en-US', 'contributor_id': '115660365442300240437', 'thumbnail': 'https://lh3.googleusercontent.com/a-/ALV-UjXAqXaBRu_N2m9AxsfXPwxwSZtq-KamWePRxVItTOKr2ZTjlA0H9w=s120-c-rp-mo-ba2-br100', 'local_guide': True, 'reviews': 15, 'photos': 21}",5.0,Good working place!!,11 months ago,Delhi,SAP
"{'name': 'Jagat Semwal', 'link': 'https://www.google.com/maps/contrib/108186967474183810168?hl=en-US', 'contributor_id': '108186967474183810168', 'thumbnail': 'https://lh3.googleusercontent.com/a/ACg8ocKp0TAE9bUfkJI5Hd-tl8PTt2sJU2pmSIApL1_mw1JUS6u3Jd4=s120-c-rp-mo-br100', 'local_guide': True, 'reviews': 4, 'photos': 6}",5.0,Nice place to work.,3 years ago,Delhi,SAP
