name,address,rating,reviews
Unified Infotech | Best Software Development Company,"79 Madison Ave #207, Manhattan, NY 10016",4.9,16
Agicent App Company NYC,"60 E 42nd St 46th floor, New York, NY 10165",5,18
Hubspire,"580 5th Ave #820, New York, NY 10036",5,31
LEAP Legal Software,"3 2nd St, Jersey City, NJ 07302",4.6,212
Vention,"575 Lexington Ave Floor 14, New York, NY 10022",5,35
eMazzanti Technologies,"701 Grand St, Hoboken, NJ 07030",4.9,173
Hyperlink Infosystem,"One World Trade Center, 285 Fulton St Suite 8500, New York, NY 10007",4.8,77
ETech 7,"30 W 47th St #301, New York, NY 10036",5,22
Icreon,"12 W 21st St 7th Floor, New York, NY 10010",4.5,15
Appinventiv Technology Pvt. Ltd,"79 Madison Ave, New York, NY 10001",3.6,9
ConvergeSol - Custom Software & Web Development Company,"45 Rockefeller Plaza 20th Floor, New York, NY 10111",5,1
"QA Mentor, Inc.","1441 Broadway 3rd floor, New York, NY 10018",4.8,25
Konstant Infosolutions,"590 Madison Ave 21st floor, New York, NY 10022",3,2
RisingMax - IT Consulting Company,"600 3rd Ave #2nd, New York, NY 10016",4.5,15
Magneto IT Solutions LLC - eCommerce Development Company,"347 5th Ave, New York, NY 10016",5,12
Emitrr Inc.,"407 W 56th St Apt 307, West New York, NY 07093",5,11
IT Craft - Software Development Outsourcing Company,,5,3
Cockroach Labs,"125 W 25th St, New York, NY 10001",5,10
"Bluewolf, an IBM Company — Salesforce Consulting","11 E 26th St, New York, NY 10010",4.8,6
Alloy,"41 E 11th St 2nd floor, New York, NY 10003",5,1
