username,rating,text,date,ct,company
"{'name': 'Abdul Majid Khan', 'link': 'https://www.google.com/maps/contrib/100170130190250921693?hl=en-US', 'contributor_id': '100170130190250921693', 'thumbnail': 'https://lh3.googleusercontent.com/a/ACg8ocICBiRWQDNd-cWSpY6nZYieO0q4gWMMRp14ljm7gqBqyDZ9=s120-c-rp-mo-br100', 'local_guide': True, 'reviews': 1, 'photos': 0}",1.0,As the Salesforce is part of Divyashree it's security team is worst ever i have seen because I saw a delivery boy who was having all the permission to go inside to deliver the parcel and although he was talking politely rather than understanding the security team on the gate no.3 is laughing seeing each other and telling him don't go with your delivery bag or don't go with the bike some kind of time pass is going on and he walk into the Divyashree and delivered the parcel. Might be other teams are good but for security 0 i'll mark. Thank you,a week ago,Hyderabad,Salesforce
"{'name': 'Nikhil Sagar', 'link': 'https://www.google.com/maps/contrib/110837876272027863337?hl=en-US', 'contributor_id': '110837876272027863337', 'thumbnail': 'https://lh3.googleusercontent.com/a-/ALV-UjVo2RGVjKo628VcvcnlC_a7DZlj0BNb20TjEopekYK0pVmtSQ00OQ=s120-c-rp-mo-ba2-br100', 'local_guide': True, 'reviews': 19, 'photos': 4}",5.0,"We are thrilled to work here! The environment is dynamic and inspiring, offering endless opportunities for growth and creativity. The team is supportive, and the projects are engaging. It’s a fantastic place to advance your career and achieve your goals.",5 months ago,Hyderabad,Salesforce
"{'name': 'Ankita Pandey', 'link': 'https://www.google.com/maps/contrib/111257995499910208115?hl=en-US', 'contributor_id': '111257995499910208115', 'thumbnail': 'https://lh3.googleusercontent.com/a-/ALV-UjXV7_KNI0cFsEnEWu-jvNBIYxv8S2FkYzsacA6m7Z6ARGcI-3YZcg=s120-c-rp-mo-ba2-br100', 'local_guide': True, 'reviews': 10, 'photos': 4}",5.0,"Amazing office building, atmosphere, employee development, and experience are wonderful. Have also been recognized as a great place to work in India",a year ago,Hyderabad,Salesforce
"{'name': 'Abhinav Kishore', 'link': 'https://www.google.com/maps/contrib/112843420778641311267?hl=en-US', 'contributor_id': '112843420778641311267', 'thumbnail': 'https://lh3.googleusercontent.com/a-/ALV-UjXhWKp0Lj5rDxjJ75thsmbCK_I4HRA0yLzRbznTmdivNKil9r_r9A=s120-c-rp-mo-ba5-br100', 'local_guide': True, 'reviews': 153, 'photos': 375}",5.0,"Great place to work! Amazing perks, value driven company with good, stable leadership. In most teams you would have talented colleagues to work with. One of the best things I like about the facilities is that the facilities are at par with offices in San Francisco and around the world.",5 years ago,Hyderabad,Salesforce
"{'name': 'Deepanshu Gupta', 'link': 'https://www.google.com/maps/contrib/105075339965849158311?hl=en-US', 'contributor_id': '105075339965849158311', 'thumbnail': 'https://lh3.googleusercontent.com/a-/ALV-UjWetyAGGTiaQcfL4I2wtiph2HWjPIHt8C5392l7G_ssRAQeWz8H=s120-c-rp-mo-ba5-br100', 'local_guide': True, 'reviews': 105, 'photos': 622}",5.0,"Undoubtedly one of the best places to work at. Joined this place before covid and attended this particular office for two weeks. One of the coolest office I have been to, lots of employees friendly perks and privileges. Best part is the super yummy, delicious and wide variety of in house food for all employees at no cost along with a Barista.",4 years ago,Hyderabad,Salesforce
"{'name': 'Arzoo Jain', 'link': 'https://www.google.com/maps/contrib/105033646357113775488?hl=en-US', 'contributor_id': '105033646357113775488', 'thumbnail': 'https://lh3.googleusercontent.com/a-/ALV-UjVcswVB9VRI4Os4M0lfng6xKK3lyd7iX5erTVfMW3G7KXcoNNuOTg=s120-c-rp-mo-ba5-br100', 'local_guide': True, 'reviews': 143, 'photos': 396}",5.0,One of the best company and workplace to work!!,2 years ago,Hyderabad,Salesforce
"{'name': 'Manasa rani', 'link': 'https://www.google.com/maps/contrib/109390524591264434674?hl=en-US', 'contributor_id': '109390524591264434674', 'thumbnail': 'https://lh3.googleusercontent.com/a/ACg8ocLUo2PG3tR6rAkgR5J1HlbVfKUXj2TXcVkYGbIuFPQM2I-sFA=s120-c-rp-mo-br100', 'reviews': 2, 'photos': 0}",1.0,Worst company I have very bad experience with employes and their project,a month ago,Hyderabad,Salesforce
"{'name': 'rakshith cheriyala', 'link': 'https://www.google.com/maps/contrib/117528338399047606641?hl=en-US', 'contributor_id': '117528338399047606641', 'thumbnail': 'https://lh3.googleusercontent.com/a-/ALV-UjUSaChj67nUgff-458FhQ63G4MtS0HtexIVW8xBp1GoE3SPkPg=s120-c-rp-mo-ba5-br100', 'local_guide': True, 'reviews': 89, 'photos': 341}",5.0,Good workplace to go to and exciting team to work with,3 months ago,Hyderabad,Salesforce
"{'name': 'madhusudan ratnalu', 'link': 'https://www.google.com/maps/contrib/111074739088145298894?hl=en-US', 'contributor_id': '111074739088145298894', 'thumbnail': 'https://lh3.googleusercontent.com/a-/ALV-UjXIce-CCJofF6FIDxWK-2HNBJY7exl89hJrtGQ2dXj1sdA6LR0BsA=s120-c-rp-mo-ba5-br100', 'local_guide': True, 'reviews': 147, 'photos': 347}",5.0,"Advantages :
Nice company..
Best work culture..
Good hikes...
Employee friendly..
Good support from companies on growing and learning new technology..
The office is located in a good location..

Disadvantage:
1. Around zero or one out of one thousand employees will be selected for on site opportunity.
2. To go into higher designation through the support of Level up is horrible. We need to read a lot of things to move into higher designation.
3. The reference system is the Worst one. Because you referral very rarely consider, 1/10 referral and that one also irrelevant designation they will offer. And that one is also considered after a decade 😁😉",a year ago,Hyderabad,EPAM Systems
"{'name': 'Amitava Sutradhar', 'link': 'https://www.google.com/maps/contrib/111574014307399719661?hl=en-US', 'contributor_id': '111574014307399719661', 'thumbnail': 'https://lh3.googleusercontent.com/a-/ALV-UjXwtFx57ApnJjb_ZJf6DSWe8D02mhZdrA_tkGlaybsghkqNBjFKww=s120-c-rp-mo-ba3-br100', 'local_guide': True, 'reviews': 25, 'photos': 110}",5.0,"Nice place to work. EPAM office is available in 10th, 11th and 12th Floors of that Salapuria Sattava building. Entry gate numbers are - 7, 8 and 9. They have added many new buildings and shops in recent years. Previously it was only having 1 building but now there are multiple buildings available. Many new shops like Hard Rock cafe, Haldiram, Monastery, Sattava Cafe etc are available.",a year ago,Hyderabad,EPAM Systems
"{'name': 'findurself (Vijju)', 'link': 'https://www.google.com/maps/contrib/115644377130665055793?hl=en-US', 'contributor_id': '115644377130665055793', 'thumbnail': 'https://lh3.googleusercontent.com/a-/ALV-UjWUnbc5_8J4KfbU-97ubjOfWj7Kk5C6KZLfECoTCse4CsW1h_xhOQ=s120-c-rp-mo-ba3-br100', 'local_guide': True, 'reviews': 46, 'photos': 42}",4.0,"It's a good company if you compare it with legacy services companies like tcs , Wipro , infy etc . It has good clients to work with mostly big product based companies. It has a good health insurance policy . During the bench period they won't bother for up to 2 months . The only disadvantage is the leaves . Casual and sick combined are 12 per year which is very less compared to any other company. There would be plus and minus and sometimes it might not work for you . But overall it is a good company.",3 months ago,Hyderabad,EPAM Systems
"{'name': 'Suresh Reddy', 'link': 'https://www.google.com/maps/contrib/105958035200003680242?hl=en-US', 'contributor_id': '105958035200003680242', 'thumbnail': 'https://lh3.googleusercontent.com/a-/ALV-UjXBAj5C-OEvMaVUJrZMWyRKOuMSe_192uuay66jZzDOV0Dkwa4O=s120-c-rp-mo-ba3-br100', 'local_guide': True, 'reviews': 19, 'photos': 13}",5.0,Very good company to work for. Hybrid model is flexible (depending on the project). No micro management. Lot of scope to improve technical skills.,6 months ago,Hyderabad,EPAM Systems
"{'name': 'Anonymous Illuminati', 'link': 'https://www.google.com/maps/contrib/107752200775937131505?hl=en-US', 'contributor_id': '107752200775937131505', 'thumbnail': 'https://lh3.googleusercontent.com/a/ACg8ocI2vWEQHH4r5Bc62S0smhpnZy2vW-8yIBmtgHgMxjg4Ga91lA=s120-c-rp-mo-br100', 'reviews': 2, 'photos': 0}",1.0,"i got an interview call from the HR named Anupama. During the first interview, the interviewer was asking a completely different set of questions from my skillsets! They have no clue on the JD vs Skillsets required - It shows how disorganized the organization is.

After a week, I got a call from the HR again 'rearranging' the interview. The interviewer was asking meaning less questions on Supply Chain, Procurement etc. Why would you waste time asking some MBA/Academic questions to  mid senior level candidate ? I understand the basics are important but this was sheer waste of time. Is my experience important or some textbook knowledge?

I did a background on this organization. Most of the employees are from Russia, Ukraine, Georgia etc. They have a use and throw policy  - Once the project is over, you will be terminated. (Unstable career path)  And in the era when organizations are compelling employees to work from office, they are only offering remote, cheap work from home jobs.  I got rejected but I would not have taken the job anyways.

Please check with the Linkedin Epam employees - I have also read that they 'make' you write good reviews online while joining.",6 months ago,Hyderabad,EPAM Systems
"{'name': 'Shujath Alam', 'link': 'https://www.google.com/maps/contrib/111603442199656025226?hl=en-US', 'contributor_id': '111603442199656025226', 'thumbnail': 'https://lh3.googleusercontent.com/a-/ALV-UjWTRec7mXG2iUj_Gb8DwPrpENqqD6Y7m9ZaVGogQ1UCmw6pIexNKQ=s120-c-rp-mo-ba4-br100', 'local_guide': True, 'reviews': 108, 'photos': 205}",4.0,"Epam moved to this location (Salarpuriya Sattva). Its an awesome office place, use of natural lighting, eco friendly, very spacious, lots of breakout areas, meeting rooms, sensor conrolled lights and AC.",6 years ago,Hyderabad,EPAM Systems
"{'name': 'Triveni Todkar', 'link': 'https://www.google.com/maps/contrib/103762006119896526839?hl=en-US', 'contributor_id': '103762006119896526839', 'thumbnail': 'https://lh3.googleusercontent.com/a/ACg8ocItEBkEXt3riI7piG6g2YU_ndGKOHFmHr7WS8AKjwU2z-JKNw=s120-c-rp-mo-br100', 'local_guide': True, 'reviews': 2, 'photos': 0}",1.0,"I worked here almost 2 years and I feel that karthik gandhi is one of the worst DM, he don't know how to talk with employee, he should have to learn all this. Epam please take it seriously.

Epam needs to tale care of all this type of DM.
Otherwise employee will not be a part of the best company.
By the way company policies are very very good, I feel that.",6 months ago,Hyderabad,EPAM Systems
"{'name': 'Dattaraj Bhalkikar', 'link': 'https://www.google.com/maps/contrib/116760059326887597402?hl=en-US', 'contributor_id': '116760059326887597402', 'thumbnail': 'https://lh3.googleusercontent.com/a-/ALV-UjW4PU8CskbX6Rx2tK--Gr4B3Y4Iu0KNTgMO6qXq1asPt7CDmq6n=s120-c-rp-mo-ba5-br100', 'local_guide': True, 'reviews': 294, 'photos': 77}",5.0,Great Place Entry and Exit Little Curb Some for New Visitors but Great System and Guidance,a year ago,Hyderabad,EPAM Systems
"{'name': 'ADITHYA AMARA', 'link': 'https://www.google.com/maps/contrib/100349971113503567596?hl=en-US', 'contributor_id': '100349971113503567596', 'thumbnail': 'https://lh3.googleusercontent.com/a-/ALV-UjXInJ0hzgkKU2-qBpSCxYastuWrcwVRuYKDLO03tEbed8T0oqDm0w=s120-c-rp-mo-ba5-br100', 'local_guide': True, 'reviews': 108, 'photos': 354}",5.0,"Nice office environment, desk setup. Free lunch, Snacks for all employees.",4 months ago,Hyderabad,Blue Yonder
"{'name': 'prasad karri', 'link': 'https://www.google.com/maps/contrib/102101485665946693214?hl=en-US', 'contributor_id': '102101485665946693214', 'thumbnail': 'https://lh3.googleusercontent.com/a-/ALV-UjWORaMxpVYExIPMukVBwIg8dSxWLSJWqH50_K8JMKPYu1OXTTAa=s120-c-rp-mo-br100', 'reviews': 5, 'photos': 5}",5.0,Best product based company with awesome interior.,11 months ago,Hyderabad,Blue Yonder
"{'name': 'Raja Yenumula', 'link': 'https://www.google.com/maps/contrib/115614900581417113590?hl=en-US', 'contributor_id': '115614900581417113590', 'thumbnail': 'https://lh3.googleusercontent.com/a-/ALV-UjV7p1z2kZ5SVNKC1_193Z2NMwEZPKr1yp5IzEEHwq2V8jrjbjI=s120-c-rp-mo-ba2-br100', 'local_guide': True, 'reviews': 9, 'photos': 1}",5.0,"Good placce to work, Very knowledgeable persons around, Good ambience.",2 months ago,Hyderabad,Blue Yonder
"{'name': 'Amit Kumar', 'link': 'https://www.google.com/maps/contrib/116714656247244932930?hl=en-US', 'contributor_id': '116714656247244932930', 'thumbnail': 'https://lh3.googleusercontent.com/a/ACg8ocLOJXNBsGIPUncTgGqB9j5JzGUjuwdQJEVJEaKtXqv6hM-kkg=s120-c-rp-mo-br100', 'reviews': 2, 'photos': 0}",1.0,Worst interview process and irresponsible HR team.,2 weeks ago,Hyderabad,Blue Yonder
"{'name': 'srikanth dodla', 'link': 'https://www.google.com/maps/contrib/117825664577353884998?hl=en-US', 'contributor_id': '117825664577353884998', 'thumbnail': 'https://lh3.googleusercontent.com/a-/ALV-UjW3MiWMNeUtkGhE2iQ5A-lwPf0MORkQWXRj776_u6hzBUU2Jw5P=s120-c-rp-mo-ba2-br100', 'local_guide': True, 'reviews': 23, 'photos': 0}",5.0,Wonderful place to work in Supply Chain domain. It is a product development company with great culture & I would strongly recommend people to consider this company when you get job offer. It depends if a person loves to join Supply Chain domain & has passion to learn and develop the core knowledge in this area.,5 years ago,Hyderabad,Blue Yonder
"{'name': 'Ekkesh Binnani', 'link': 'https://www.google.com/maps/contrib/108058511233064194875?hl=en-US', 'contributor_id': '108058511233064194875', 'thumbnail': 'https://lh3.googleusercontent.com/a-/ALV-UjVNUdzQ0A6ao1ZMmFN-5emiz7hQ_GpyQwbaaZ_i7MNY2ff9P39w=s120-c-rp-mo-ba3-br100', 'local_guide': True, 'reviews': 36, 'photos': 7}",4.0,Good work culture and focus on delivering result with innovative Supply Chain software solutions,5 years ago,Hyderabad,Blue Yonder
"{'name': 'Vijay K', 'link': 'https://www.google.com/maps/contrib/111013543862303635212?hl=en-US', 'contributor_id': '111013543862303635212', 'thumbnail': 'https://lh3.googleusercontent.com/a-/ALV-UjWgjrJt4pwLNfyUjHIP3YJNNI-jF_YLFqAO7dC8JXc5MpVi5lQ-=s120-c-rp-mo-ba6-br100', 'local_guide': True, 'reviews': 160, 'photos': 2398}",5.0,"Awesome company. One of the market leaders in the field of supply chain management. It is located in Meenakshi Tech Park. They have around 3000 employees (1500 in Hyderabad and other 1500 in Banglore). They usually prefer IITians or from top prestigious institutions. If not, they look at good work experience. It has also been voted as one of the best companies to work with. Especially for women, it is one of the best companies to work as they have lots of initiatives for them and they also take a lot of care.",6 years ago,Hyderabad,Blue Yonder
"{'name': 'thati rahul', 'link': 'https://www.google.com/maps/contrib/113896326280229435240?hl=en-US', 'contributor_id': '113896326280229435240', 'thumbnail': 'https://lh3.googleusercontent.com/a-/ALV-UjUt_1HX3TB-H2Bwc9bc14SLqXg023-i519pXYvgq9M5tTT5fgkQ=s120-c-rp-mo-ba3-br100', 'local_guide': True, 'reviews': 30, 'photos': 48}",4.0,"The company is located at 9th, 10th and 11th floor in Meenakshi towers. The access to entry is only for the employees. Other visitors need to get an visitor card from the gate. On the 9th floor the reception is present. The cafeteria is located on 11th floor. The access is restricted to working employees only. Each and every associate has a spacious private working area. The employees are very friendly. The only negative point is the location of the building. Its situated far from the normal area where most of the facilities are easily available.",7 years ago,Hyderabad,Blue Yonder
"{'name': 'Siripuram Sai Bharadwaj', 'link': 'https://www.google.com/maps/contrib/115410941512684174557?hl=en-US', 'contributor_id': '115410941512684174557', 'thumbnail': 'https://lh3.googleusercontent.com/a-/ALV-UjU3Lnevi8p2p_A_OclJw-HdxEkmCd8ZwrfyM-ovXmW2cLBFUCbiag=s120-c-rp-mo-ba6-br100', 'local_guide': True, 'reviews': 523, 'photos': 3681}",4.0,"Recently, I had the opportunity to visit the ServiceNow office and building complex, thanks to a friend.

This place shatters all conventional images of a software company workspace. It boasts top-notch monitors, desks that adjust in height, exceptional chairs, and soundproof rooms designed for brainstorming, alongside versatile meeting spaces.

For relaxation and entertainment, there's a variety of options including a pool table, basketball, box cricket, PlayStation, ping pong, and much more. Adding to the allure is a dedicated room outfitted with massage chairs.

What's truly remarkable is the provision of complimentary food and beverages, making it a tempting spot just for the dining options. Additionally, the complex houses well-known food outlets like Karachi and Haldirams.

A central feature is a giant open-air screen with audience seating and a high-quality sound system, serving as a main attraction.

This environment undoubtedly plays a significant role in boosting productivity.",10 months ago,Hyderabad,ServiceNow
"{'name': 'Joon Park', 'link': 'https://www.google.com/maps/contrib/109519474099335494147?hl=en-US', 'contributor_id': '109519474099335494147', 'thumbnail': 'https://lh3.googleusercontent.com/a-/ALV-UjU7wR-faZwpmFKcdH4M32IjjNX8F8dOrH-kcttpmJ5OZ4WEFi30-Q=s120-c-rp-mo-ba6-br100', 'local_guide': True, 'reviews': 458, 'photos': 2077}",5.0,It is a great workplace that is very well decorated in the heart of Hyderabad. I liked the micro kitchens that were filled with drinks and snacks. The cafeteria on the 2nd floor is huge and provides great food. There are a lot of meeting rooms and spaces where you can have meetings and relax in between meetings.,11 months ago,Hyderabad,ServiceNow
"{'name': 'Girish Yelka', 'link': 'https://www.google.com/maps/contrib/114901196662531986268?hl=en-US', 'contributor_id': '114901196662531986268', 'thumbnail': 'https://lh3.googleusercontent.com/a-/ALV-UjXZf0wVQeS64jv_VyZo51eCuEO0HEYJfoMWgGqWBA8i-bjDAhsTkQ=s120-c-rp-mo-ba5-br100', 'local_guide': True, 'reviews': 280, 'photos': 126}",5.0,"Such fun happening place.

It has beautiful pantry, resting area, playing area, cricket turf, gym, music room…

Great facilities. Highly recommend!!",a year ago,Hyderabad,ServiceNow
"{'name': 'Veerendra Achanta', 'link': 'https://www.google.com/maps/contrib/100001444211405105652?hl=en-US', 'contributor_id': '100001444211405105652', 'thumbnail': 'https://lh3.googleusercontent.com/a-/ALV-UjUSlv2Ea4MnimNjeQGWhKu9oGccQ7lYfpHuPCWDZjJ2s9S3Qto=s120-c-rp-mo-ba3-br100', 'local_guide': True, 'reviews': 35, 'photos': 54}",5.0,"An excellent workplace to work. Facilites, and ambience are also very good. Breakout areas, playing areas, cafeterias are well organised and designed.",2 years ago,Hyderabad,ServiceNow
"{'name': 'Aditya Rao', 'link': 'https://www.google.com/maps/contrib/111453421189013765410?hl=en-US', 'contributor_id': '111453421189013765410', 'thumbnail': 'https://lh3.googleusercontent.com/a-/ALV-UjVS7bjYR67c4dS3WxDgS7QC8cPUM-kGXklUk_k6jD6ayHs7njHn1w=s120-c-rp-mo-ba6-br100', 'local_guide': True, 'reviews': 299, 'photos': 967}",5.0,"Excellent place to work, great colleagues, swanky office !",7 years ago,Hyderabad,ServiceNow
"{'name': 'UMANG MAURYA', 'link': 'https://www.google.com/maps/contrib/106015377446157371343?hl=en-US', 'contributor_id': '106015377446157371343', 'thumbnail': 'https://lh3.googleusercontent.com/a-/ALV-UjXHYBKySAT6pOuri97X5qJLQZ0Xtarz-ln1X4dQwgzOtgGBOlos=s120-c-rp-mo-ba4-br100', 'local_guide': True, 'reviews': 146, 'photos': 167}",5.0,"It's my new office, situated at
Salarapuriva satva Argus building Knowledge city Raidurg Hyderabad.
Microsoft office also here
Love the office facilities provided here.
Food court, table tennis, other recreational facilities provided here",2 years ago,Hyderabad,ServiceNow
"{'name': 'Nik Daga', 'link': 'https://www.google.com/maps/contrib/117043782721775133470?hl=en-US', 'contributor_id': '117043782721775133470', 'thumbnail': 'https://lh3.googleusercontent.com/a-/ALV-UjVj661i62mfVRykb4PDtCHg-1BV5YI98Dzr0GToXM7y_YUkbFzodQ=s120-c-rp-mo-ba3-br100', 'local_guide': True, 'reviews': 39, 'photos': 52}",5.0,"Awesome Office, with ample space and facilities, lot of fun activities with good company culture",10 months ago,Hyderabad,ServiceNow
"{'name': 'Map Creator', 'link': 'https://www.google.com/maps/contrib/113380269893421909030?hl=en-US', 'contributor_id': '113380269893421909030', 'thumbnail': 'https://lh3.googleusercontent.com/a/ACg8ocK3FGpk-e-ZjC7juhrIOGcnllkthwbV-f_7yVrZNarXdqJTIQ=s120-c-rp-mo-ba6-br100', 'local_guide': True, 'reviews': 370, 'photos': 1133}",4.0,"Office is located in a good area; having other offices around it is easy to get interviews done on a lunch break.
The facilities are good; resting room, playing/recreation room and pantry are available all the time.
Pantry has juices, bananas, tea, coffee and all are available.
Many talented people work here.
If not from your work, you can learn from your colleagues.",a year ago,Hyderabad,ServiceNow
"{'name': 'Kakunuri Santhosh Bhardwaj', 'link': 'https://www.google.com/maps/contrib/106882925586690259802?hl=en-US', 'contributor_id': '106882925586690259802', 'thumbnail': 'https://lh3.googleusercontent.com/a-/ALV-UjVdcq7MdIXIncwZHBJHejO7ae6L5kyK9gNN02_xxjice1hZIsELyg=s120-c-rp-mo-ba3-br100', 'local_guide': True, 'reviews': 25, 'photos': 177}",4.0,Honeywell is a fortune 100 software-industrial company. It has got a great working culture.,5 years ago,Hyderabad,Honeywell
"{'name': 'HP Maity', 'link': 'https://www.google.com/maps/contrib/115935118453701226823?hl=en-US', 'contributor_id': '115935118453701226823', 'thumbnail': 'https://lh3.googleusercontent.com/a-/ALV-UjUxS53bx8EydGfqm7BhXZl0_f2TcwB-Gs92ZaGtrYa2P3lSG1t1nw=s120-c-rp-mo-ba6-br100', 'local_guide': True, 'reviews': 116, 'photos': 4149}",5.0,Good place for work. I nice work lofe balance,6 years ago,Hyderabad,Honeywell
"{'name': 'Nagaraju Rachakonda', 'link': 'https://www.google.com/maps/contrib/102980259356335254716?hl=en-US', 'contributor_id': '102980259356335254716', 'thumbnail': 'https://lh3.googleusercontent.com/a-/ALV-UjX0qcp4A6gIcRQ7YmtsQKFTzqo7LZ5-F3DQHyqYbnnRYZmZU7d-Hg=s120-c-rp-mo-ba2-br100', 'local_guide': True, 'reviews': 4, 'photos': 28}",5.0,"A great place to work ..a great importance to innovation.  I have never seen any other company who give so much importance to Health, Safety and Environment. Processes and policies are the backbone of this organization.",7 years ago,Hyderabad,Honeywell
"{'name': 'Sasikanth Paramkusam', 'link': 'https://www.google.com/maps/contrib/113101536981291103821?hl=en-US', 'contributor_id': '113101536981291103821', 'thumbnail': 'https://lh3.googleusercontent.com/a-/ALV-UjXQR7r0SlIxGt_8z3xPEeTUTgicVr5ciKTfSJE53-XANUnifqdpBg=s120-c-rp-mo-ba6-br100', 'local_guide': True, 'reviews': 220, 'photos': 1588}",4.0,"magnificent

111 years Old Company

I have been here For Attending and Interview...

Spacious parking Area.

Renewable resources lot of Solar Panels Around.",7 years ago,Hyderabad,Honeywell
"{'name': 'Shivam Tyagi', 'link': 'https://www.google.com/maps/contrib/117491154597282725546?hl=en-US', 'contributor_id': '117491154597282725546', 'thumbnail': 'https://lh3.googleusercontent.com/a-/ALV-UjXyN7QjjKU_e-xJLfY4I4wxbQxvvZNFpZXYMEEvYvYU45dPDn4=s120-c-rp-mo-ba3-br100', 'local_guide': True, 'reviews': 24, 'photos': 17}",5.0,"Very good office , had a track inside to walk with lots of trees around , canteen food is not that good , great labs and people are nice .",2 years ago,Hyderabad,Honeywell
"{'name': 'Pratheep Kumar', 'link': 'https://www.google.com/maps/contrib/112339729861820301246?hl=en-US', 'contributor_id': '112339729861820301246', 'thumbnail': 'https://lh3.googleusercontent.com/a-/ALV-UjVCU9ZxZIXPWsN6a2pt-CsuL_zM1CGciygkWdIPqZ20hzEGN1YOXg=s120-c-rp-mo-ba3-br100', 'local_guide': True, 'reviews': 42, 'photos': 11}",5.0,"Best place to work. It is a Honeywell own campus. You have separate play grounds, cafetaria and walking strips etc.",7 years ago,Hyderabad,Honeywell
"{'name': 'somesh malla', 'link': 'https://www.google.com/maps/contrib/118267024848787114862?hl=en-US', 'contributor_id': '118267024848787114862', 'thumbnail': 'https://lh3.googleusercontent.com/a-/ALV-UjXHHN-fUxcILPU5LJn6A7cW8Bs-dE1t_0x7VlKDOZw1yDVx-4iWzg=s120-c-rp-mo-ba4-br100', 'local_guide': True, 'reviews': 97, 'photos': 184}",5.0,"Nice company, friendly environment,
Opportunities will be provided for the enthusiastic people.
Cafeteria is also there, nice and hygiene food will be provided at reasonable prices.",6 years ago,Hyderabad,Honeywell
"{'name': 'Naveen ganesh', 'link': 'https://www.google.com/maps/contrib/116337807316929344437?hl=en-US', 'contributor_id': '116337807316929344437', 'thumbnail': 'https://lh3.googleusercontent.com/a-/ALV-UjWk-ddpPF22DmDrQXZQbP3J9qcPxwEw2IL8O6Erj3sSUKk8lKI=s120-c-rp-mo-br100', 'local_guide': True, 'reviews': 12, 'photos': 3}",5.0,"It's a engineering development center owned by honeywell international. 4 storey building with open parking, bus stop available. Canteen services are available.",2 years ago,Hyderabad,Honeywell
"{'name': 'G Sunil Kumar', 'link': 'https://www.google.com/maps/contrib/103710084942782870675?hl=en-US', 'contributor_id': '103710084942782870675', 'thumbnail': 'https://lh3.googleusercontent.com/a-/ALV-UjXQUfkADlfvtFaab1_sybDwnzSXCH3sllMp-mK4YjFR1sxcj9EnXQ=s120-c-rp-mo-br100', 'local_guide': True, 'reviews': 4, 'photos': 0}",1.0,"Firstly I am having already a counter offer from other big company so the initial screening HR promised me more 1.5L than the counter offer and informed the office visit is hybrid like 3 days and transport facility until home is provided

On listening all this felt that ValueLabs is good choice and Technical Managerial were done successfully, only HR is left

HR round happend and HR is mentioning same salary as counter offer is provided because of budget crunches (negotiating even for 10 15K reductions), The shuttle transport is provided until office location's nearest metro, and also the Office Visit should be 5 days instead of hybrid which all these reasons are promised before. After listening all this felt very bad and felt as cheated.",a week ago,Hyderabad,ValueLabs
"{'name': 'Prasad Muthyala', 'link': 'https://www.google.com/maps/contrib/113181160458763522199?hl=en-US', 'contributor_id': '113181160458763522199', 'thumbnail': 'https://lh3.googleusercontent.com/a-/ALV-UjXqCGmgI9wSRnY-_kQkZJlRDK7KdAX5irG-uMzyrQSsIOKJXnJXOw=s120-c-rp-mo-ba3-br100', 'local_guide': True, 'reviews': 23, 'photos': 1}",1.0,"Worst company ever don't waste your time and don't fall for fake promises.

Hiring process is very unprofessional and complicated.
HR told me to attend office for last round of interview but when I reach hyderabad they scheduled HR interview virtually and offered salary(3.6 fixed) less than my previous salary(3.75 fixed). Reason I have 5 months of gap. Literally waste of time and waste of money I spend because of this waste company. I already mentioned my expectation salary around 6 fixed after I asked atleast 5 fixed but they didn't even considered my experience and certifications on my skills.

Leads and heads of this company is worst than anyone as far I see.
Especially HR leads they will call you multiple times and negotiate salary. At any point of time your negotiation salary will be changed even before one day of joining and stop communications as well
I don't wanna mention about their names because I have values but in valuelabs no values with outdated equipments in lab 😂. consider almost every lead and head of department are like this.
I already seen negativity of company but I didn't expected those reviews are true. Now I understand",6 days ago,Hyderabad,ValueLabs
"{'name': 'Durga', 'link': 'https://www.google.com/maps/contrib/118073092168111453317?hl=en-US', 'contributor_id': '118073092168111453317', 'thumbnail': 'https://lh3.googleusercontent.com/a/ACg8ocKD-ugivW9JB1neGtgcUJZsYFocGpOXLzVjnwquPzYUbLqS_A=s120-c-rp-mo-br100', 'reviews': 1, 'photos': 0}",1.0,"The Hiring process is extremely poor. 👎

They make a rush in making you go through all the rounds but do not respond later. There is huge gap in their jd and what the interviewer asks in the interview. I was told I am not a good fit and the roles described later were completely different. Recruiting team needs to buckle up and have clarity on what kind of talent they actually need. It was huge waste of time-the whole hiring process took one month and I was ultimately rejected.",3 months ago,Hyderabad,ValueLabs
"{'name': 'Twinkle Dhole', 'link': 'https://www.google.com/maps/contrib/111746744726023295288?hl=en-US', 'contributor_id': '111746744726023295288', 'thumbnail': 'https://lh3.googleusercontent.com/a-/ALV-UjXHcP4pc34F-hPY_RYc0hjrzdImccn0e5HDsiD6rgJb3F_rgPgoTw=s120-c-rp-mo-br100', 'local_guide': True, 'reviews': 2, 'photos': 0}",1.0,"I had a deeply disappointing experience with Valuelabs. After clearing the initial interview round, I was encouraged by their team to take an early release from my current job, with the assurance that my selection was nearly certain, pending a few additional rounds. Trusting their confidence in me, I took the early release.

Following two rounds with their senior team, I was scheduled for a client interview, during which I was rejected with the feedback that I lacked experience and knowledge. This was shocking, as the feedback was inconsistent with my previous interviews, and it contradicted the confidence they initially showed in me.

After losing my job and being left in a precarious situation, the HR team scheduled me for another project. Once again, I cleared their internal technical rounds, only to be rejected by the client with similar feedback. This has left me feeling frustrated and misled.

If I truly lacked the skills or experience, it begs the question: why was I pushed to leave my previous job and subjected to multiple rounds, only to be rejected at the final stage? The entire process felt unprofessional and left me jobless due to their mismanagement.

Advice : Please ensure a more transparent and considerate hiring process. Candidates' careers and livelihoods are at stake, and the decisions made by your hiring team have real consequences. If a candidate is not a fit, it should be identified early in the process, and not after they've taken life-altering steps based on your advice.",5 months ago,Hyderabad,ValueLabs
"{'name': 'Partheeban Janarthanan', 'link': 'https://www.google.com/maps/contrib/110111415469195038506?hl=en-US', 'contributor_id': '110111415469195038506', 'thumbnail': 'https://lh3.googleusercontent.com/a/ACg8ocIuuUClq2ZM7CBkz2oNeM2MHsv6Wq_DYrFRkx6bdgibQVR5wfFX=s120-c-rp-mo-br100', 'reviews': 3, 'photos': 0}",1.0,"Highly unprofessional. Lack of process - They will take multiple level of interviews and promise you the offer. But middle management can come in at anytime and decline offer, even at the last minute - as if they own the company. Stay away from this company. Advice to management: Define ""Value"" in ""Valuelabs""",3 months ago,Hyderabad,ValueLabs
"{'name': 'Prashanth B', 'link': 'https://www.google.com/maps/contrib/114483777244245010521?hl=en-US', 'contributor_id': '114483777244245010521', 'thumbnail': 'https://lh3.googleusercontent.com/a/ACg8ocK4hODOCAD2GQpv5p1BreR3tzCeVA5-CEFM_7KJ7587t3VeKA=s120-c-rp-mo-br100', 'reviews': 1, 'photos': 0}",1.0,"Don't have chance to give rating,, worest interview process experience ever, before interview and after interview they changed the process work..🙏🙏",3 months ago,Hyderabad,ValueLabs
"{'name': 'aneesh k', 'link': 'https://www.google.com/maps/contrib/107832198184337526555?hl=en-US', 'contributor_id': '107832198184337526555', 'thumbnail': 'https://lh3.googleusercontent.com/a/ACg8ocLHWxGb5JkciuC2eKSQ-wpAwJOMgMfkffCK2WuxQGDyklyRLA=s120-c-rp-mo-br100', 'reviews': 1, 'photos': 0}",1.0,I had an interview at this company. I had two rounds of interview and a sourcing screening test.I went for the interview in the morning at 10am and left at 6pm in the evening.It has been almost two weeks and i didnt get any feedback.I dont think they value the candidates time effort they put in for these interviews.,7 months ago,Hyderabad,ValueLabs
"{'name': 'Nakka Akanksha', 'link': 'https://www.google.com/maps/contrib/113844436391587853374?hl=en-US', 'contributor_id': '113844436391587853374', 'thumbnail': 'https://lh3.googleusercontent.com/a/ACg8ocJ3oKXaNuSgF9ELU0vIgfo-L991SNUo1B6hl3M-w5xoXhhfoQ=s120-c-rp-mo-br100', 'reviews': 2, 'photos': 0}",1.0,Really worst experience actually the interview should begin at 10:30 AM.But they make me to wait for 2 hours after that I had my first round and then its almost 1 pm and HR told me to take food coupon from reception but they dint give any coupons it was so tiring.They really don't value the candidate time and effort.The name itself VALUELABS but they don't give any value to interview candidate,6 months ago,Hyderabad,ValueLabs
"{'name': 'Deepak H', 'link': 'https://www.google.com/maps/contrib/115531156665034475833?hl=en-US', 'contributor_id': '115531156665034475833', 'thumbnail': 'https://lh3.googleusercontent.com/a/ACg8ocKH2O-RpiMpSxCR5Vo0KKrl782T6tHa-Foloy0KBYXdZq1-OA=s120-c-rp-mo-br100', 'local_guide': True, 'reviews': 3, 'photos': 1}",5.0,We have taken 48 port manageable switch. 2 qty. With installation support. Thanks for good support and service,3 months ago,Hyderabad,Cisco
"{'name': 'PSRIT SOLUTIONS', 'link': 'https://www.google.com/maps/contrib/102447590657349797333?hl=en-US', 'contributor_id': '102447590657349797333', 'thumbnail': 'https://lh3.googleusercontent.com/a/ACg8ocIyeRtDhIPXvW4YF0tjTreCFkPQ6AKnhVZ6o99-0lHp9pcLJg=s120-c-rp-mo-br100', 'local_guide': True, 'reviews': 1, 'photos': 5}",5.0,We bought Cisco firewall at best competitive price.,3 months ago,Hyderabad,Cisco
"{'name': 'Deva Razz', 'link': 'https://www.google.com/maps/contrib/109943279228915701762?hl=en-US', 'contributor_id': '109943279228915701762', 'thumbnail': 'https://lh3.googleusercontent.com/a-/ALV-UjWcxQVMfZDJlhyJ3r63Xkep8yM_Rj8cKTvWpW3aEarA46JE6Exy=s120-c-rp-mo-br100', 'local_guide': True, 'reviews': 2, 'photos': 5}",5.0,,11 months ago,Hyderabad,Cisco
"{'name': 'Ramesh Kumar Vuppala', 'link': 'https://www.google.com/maps/contrib/113146786578953498410?hl=en-US', 'contributor_id': '113146786578953498410', 'thumbnail': 'https://lh3.googleusercontent.com/a-/ALV-UjXIn5rv6Usgox7LYdkAfATTYy0Cxb1tVp8cy0OWX0NUGwCkleZ0oQ=s120-c-rp-mo-ba4-br100', 'local_guide': True, 'reviews': 83, 'photos': 128}",4.0,"Building is modern and beautiful. Clean and sanitised. High security. Huge parking available. Plan in advance if visiting for the first time, because 4 parking floors underground, multiple lifts, multiple reception counters which requires time to enquire. Good ambience.",2 years ago,Hyderabad,Infor
"{'name': 'Seshadri Shome Chowdhuri', 'link': 'https://www.google.com/maps/contrib/115342572570119261723?hl=en-US', 'contributor_id': '115342572570119261723', 'thumbnail': 'https://lh3.googleusercontent.com/a-/ALV-UjULMNqSwfrWij4_iJyyedGBCSFDnHLeuG565nPbFJjd8K24X-U=s120-c-rp-mo-ba3-br100', 'local_guide': True, 'reviews': 34, 'photos': 20}",4.0,"Great company to settle in for. As I have seen most of the employees here, are working since last 6-7 years. Although there are many employees who have been working here since last 10-15-20 years. It's a product based US MNC which has big names in its clientele. Hyderabad is the headquarter of India. Other set ups are in Pune, Mumbai, Bangalore, Ahmedabad. In company hike is pretty good as well as other benefits. Awesome work life balance and work culture. Too cool and understanding management. Employee friendliness is of top notch.",7 years ago,Hyderabad,Infor
"{'name': 'seshadri shome chowdhuri', 'link': 'https://www.google.com/maps/contrib/116406388915544024343?hl=en-US', 'contributor_id': '116406388915544024343', 'thumbnail': 'https://lh3.googleusercontent.com/a/ACg8ocJi1tQRY15Psx3Kbg6PbRMRXlU_egQN1n9J7VeNt8OVEqXkcg=s120-c-rp-mo-br100', 'local_guide': True, 'reviews': 6, 'photos': 8}",5.0,Almost 2 years I'm working in Infor. Great workplace. Great team and management. Employee friendly. doesn't discriminate. Pay well. other benefits are also lucrative. A company where you can retire from for sure.,6 years ago,Hyderabad,Infor
"{'name': 'seshu raju', 'link': 'https://www.google.com/maps/contrib/117085064259781792446?hl=en-US', 'contributor_id': '117085064259781792446', 'thumbnail': 'https://lh3.googleusercontent.com/a-/ALV-UjU6ohRyA56nABuENJ4v24bTmU5ch471noc3w0jNs6XD_22S4CON=s120-c-rp-mo-br100', 'local_guide': True, 'reviews': 9, 'photos': 0}",5.0,"I have been working at Infor as intern. It's a amazing place to work here with lot of smart and competitive people around.
Learning and skill development is highly encouraged here. The company allows you the opportunity to work on products and initiatives that are broad, that exposes you to other technologies.",6 years ago,Hyderabad,Infor
"{'name': 'Ashok Kumar Thella', 'link': 'https://www.google.com/maps/contrib/108660780292142641526?hl=en-US', 'contributor_id': '108660780292142641526', 'thumbnail': 'https://lh3.googleusercontent.com/a-/ALV-UjV_tznPrPSCJfu6pjoVrWHBqFnVDb-DP-EP2kI-THxB85RzJx-jWg=s120-c-rp-mo-ba4-br100', 'local_guide': True, 'reviews': 135, 'photos': 272}",4.0,"This is a kind of product based company as located in QCITY. Office 🏢 premises is good and well maintained. Salaries are good. Yes we can 🥫 try once here. Openings are rarely come , then only we can get opportunities over here",6 years ago,Hyderabad,Infor
"{'name': 'madhu sunkari', 'link': 'https://www.google.com/maps/contrib/103276064481681401165?hl=en-US', 'contributor_id': '103276064481681401165', 'thumbnail': 'https://lh3.googleusercontent.com/a-/ALV-UjXCdz2F65FVEoAM3JoVN8xg140QiS30OyXiVZzZkViUeUsoqIgp=s120-c-rp-mo-br100', 'reviews': 4, 'photos': 0}",1.0,"I have cleared all technical and HR rouns. But I have not received any update from HR. His name is Vindod/Srikanth. Very worst fellow. He is not given any update to me after completing my interview. I have been waiting for his update for the last 6 to 12 months. He should give the update on the status but it was not happened. I don't know, how the infor team is managing with such kind of HRs. with this i got a very bad opinion on this company. I request everyone please do not attend any intervies when this person is taking you interviews.",2 years ago,Hyderabad,Infor
"{'name': 'Sanjana Vineela', 'link': 'https://www.google.com/maps/contrib/108100611035314170424?hl=en-US', 'contributor_id': '108100611035314170424', 'thumbnail': 'https://lh3.googleusercontent.com/a/ACg8ocK8SpIK2nqbI14lzT_jZ0oOXfff1j16pKrM4Vd6lBOoHry4Qg=s120-c-rp-mo-br100', 'reviews': 1, 'photos': 0}",1.0,I was informed that I got selected after interview and no information on joining when asked for the update HR SWAPNA informed that there is no requirement after 2-3 months.,a year ago,Hyderabad,Infor
"{'name': 'Swapna Cheripali', 'link': 'https://www.google.com/maps/contrib/114230703672296595820?hl=en-US', 'contributor_id': '114230703672296595820', 'thumbnail': 'https://lh3.googleusercontent.com/a/ACg8ocKmIQ2vktf6oHTOdHi3D75x1Up6rfy7heRKED9o2oSdcbQwXoi9=s120-c-rp-mo-br100', 'reviews': 6, 'photos': 5}",5.0,Very Good place to learn and work.....THE BEST TIME AND THE BEST PEOPLE,5 years ago,Hyderabad,Infor
"{'name': 'Sammeta Srikanth', 'link': 'https://www.google.com/maps/contrib/117468241287067711695?hl=en-US', 'contributor_id': '117468241287067711695', 'thumbnail': 'https://lh3.googleusercontent.com/a-/ALV-UjVLeRmjsEX_3mXWSEkupzeLRwTeqzcOsjkn-dAqc4JopzTpjbNPag=s120-c-rp-mo-br100', 'local_guide': True, 'reviews': 8, 'photos': 0}",5.0,Good,2 years ago,Hyderabad,Meta
"{'name': 'Mani Mamidi', 'link': 'https://www.google.com/maps/contrib/107595227230913889446?hl=en-US', 'contributor_id': '107595227230913889446', 'thumbnail': 'https://lh3.googleusercontent.com/a/ACg8ocLqmj6iY3xhmXVppAEekzdiHs1v_LtTkQmKX3tfqMw12yfchA=s120-c-rp-mo-ba2-br100', 'local_guide': True, 'reviews': 1, 'photos': 3}",5.0,,3 months ago,Hyderabad,Meta
"{'name': 'omprakash jangid', 'link': 'https://www.google.com/maps/contrib/103532495216230024946?hl=en-US', 'contributor_id': '103532495216230024946', 'thumbnail': 'https://lh3.googleusercontent.com/a/ACg8ocLv_D4lCG_DhKzAf9BHOXKrC6MQBM7G_HJNPo70Ac8p4tvZDOCM=s120-c-rp-mo-br100', 'reviews': 1, 'photos': 0}",1.0,,7 months ago,Hyderabad,Meta
"{'name': 'Venkatesh Boini', 'link': 'https://www.google.com/maps/contrib/111306122435439425997?hl=en-US', 'contributor_id': '111306122435439425997', 'thumbnail': 'https://lh3.googleusercontent.com/a-/ALV-UjX7srDZKJ7CvI3HAc3g7M3ZdvdSpgfJcbAN-0HRv-b7OCrjvMge=s120-c-rp-mo-br100', 'reviews': 1, 'photos': 0}",5.0,,a year ago,Hyderabad,Meta
"{'name': 'Bandi Bharath', 'link': 'https://www.google.com/maps/contrib/116011061257824814550?hl=en-US', 'contributor_id': '116011061257824814550', 'thumbnail': 'https://lh3.googleusercontent.com/a/ACg8ocJKsbwCNMH_AMnx1BIGbXOzBk1Oz0LDL_vswdX-j_UFD_EHxw=s120-c-rp-mo-br100', 'reviews': 0, 'photos': 0}",5.0,,2 years ago,Hyderabad,Meta
