username,rating,text,date,company
"{'name': 'P. Sunil Patra', 'link': 'https://www.google.com/maps/contrib/104427010825863871127?hl=en-US', 'contributor_id': '104427010825863871127', 'thumbnail': 'https://lh3.googleusercontent.com/a-/ALV-UjWsCt5mPGAbuG9gh3m9rP-E9SEjNnC7xCbxkaqZIECo-AS0xvqP=s120-c-rp-mo-ba4-br100', 'local_guide': True, 'reviews': 284, 'photos': 44}",4.0,Outside Place is hectic since Travels 🚌 are Parking for Traveller.,3 months ago,TCS
"{'name': 'Aman Jain', 'link': 'https://www.google.com/maps/contrib/102030088829074755036?hl=en-US', 'contributor_id': '102030088829074755036', 'thumbnail': 'https://lh3.googleusercontent.com/a-/ALV-UjUmXGz1qlpPWFNj-fGQlAIzFnY_7shh4LGrrThktKmuUbFpfzy6uw=s120-c-rp-mo-ba5-br100', 'local_guide': True, 'reviews': 132, 'photos': 480}",5.0,Spacious | Best Rules | Best Practices | Lovable Environment and love to be here first time | watching to be here for more professional visits.,6 years ago,TCS
"{'name': 'Shweta Ninawe Nikhar', 'link': 'https://www.google.com/maps/contrib/116633262094881081645?hl=en-US', 'contributor_id': '116633262094881081645', 'thumbnail': 'https://lh3.googleusercontent.com/a-/ALV-UjWAMmPUpiGOwJnAD7Utjiu3zQpKJvJg-_Yv40vjqSm_C0W8uGvkyA=s120-c-rp-mo-ba4-br100', 'local_guide': True, 'reviews': 98, 'photos': 195}",4.0,Well I was here for interview....i didn't know howz the place is from inside as we were seated in the parking lot only,8 months ago,TCS
"{'name': 'Santoshh Shinde', 'link': 'https://www.google.com/maps/contrib/107515759081796655265?hl=en-US', 'contributor_id': '107515759081796655265', 'thumbnail': 'https://lh3.googleusercontent.com/a-/ALV-UjXhG1YrnjBfnt4Hrq3IBUTzOyRXviRLxqbVg5ZfyAXxIq11pXP0=s120-c-rp-mo-ba4-br100', 'local_guide': True, 'reviews': 65, 'photos': 47}",5.0,"This is peaceful place ever, even this organisation allows cat to stay in their campus they also feeding them. Best IT company",a year ago,TCS
"{'name': 'Swapnil S', 'link': 'https://www.google.com/maps/contrib/113205239047496232458?hl=en-US', 'contributor_id': '113205239047496232458', 'thumbnail': 'https://lh3.googleusercontent.com/a/ACg8ocJFRS2ktzX7HffmTR5xdSdw6pptWziqG9GAVsB97HaFtVyPzw=s120-c-rp-mo-ba3-br100', 'local_guide': True, 'reviews': 41, 'photos': 2}",1.0,Third class juice centre available outside,5 months ago,TCS
"{'name': 'Anirban Ghosh', 'link': 'https://www.google.com/maps/contrib/108423035662245161885?hl=en-US', 'contributor_id': '108423035662245161885', 'thumbnail': 'https://lh3.googleusercontent.com/a-/ALV-UjVxHEgEuSf1p0yB5JGL-FVBMkUVDWI-WHr9KplmC91dLxPhrZCr=s120-c-rp-mo-ba3-br100', 'local_guide': True, 'reviews': 30, 'photos': 62}",4.0,Nice and small only 7 floor that is a great one if you like to work in small places and not that big most probably best place for you to work in Pune better than Sahyadri Park both Railway and airport are very close from here,6 years ago,TCS
"{'name': 'Chaitanya Gajbhiye', 'link': 'https://www.google.com/maps/contrib/116389957606467971653?hl=en-US', 'contributor_id': '116389957606467971653', 'thumbnail': 'https://lh3.googleusercontent.com/a-/ALV-UjXEiginGFp2EkUtqT7tWkGiy0-PGamxx6yX8TKXxrwdXSsBsWtX-Q=s120-c-rp-mo-ba4-br100', 'local_guide': True, 'reviews': 141, 'photos': 350}",4.0,"Though it's small office compare to Sahyadri park but good thing about it is placed in Prime location of the city. It is accessible, easily notable and having less traffic than Magarpatta and Hinjewadi. Beautiful infrastructure and design.",7 years ago,TCS
"{'name': 'Hari Kishan Poluru', 'link': 'https://www.google.com/maps/contrib/108229015509815851829?hl=en-US', 'contributor_id': '108229015509815851829', 'thumbnail': 'https://lh3.googleusercontent.com/a-/ALV-UjVVYSvHk_7JrEfn-1jUPYwwurzQsAi736BaI1EJvnLjbXc2E3wo=s120-c-rp-mo-ba4-br100', 'local_guide': True, 'reviews': 52, 'photos': 55}",5.0,"Campus is little rustic... But fine.. Friendly.. And easy access. No good and quality food available in Cafeteria. You should carry your food, Tea Vup and water bottle.",6 years ago,TCS
"{'name': 'Omkar Raste', 'link': 'https://www.google.com/maps/contrib/114767002813984926010?hl=en-US', 'contributor_id': '114767002813984926010', 'thumbnail': 'https://lh3.googleusercontent.com/a-/ALV-UjXOwGOQUTdBFn_5FiOaSGrrfBPYBZ5ssYDO2Yps4BBXURJvZQ39=s120-c-rp-mo-br100', 'local_guide': True, 'reviews': 5, 'photos': 0}",5.0,Best It Company in India ❤️,6 months ago,Wipro
"{'name': 'Mayursinh Raulji-942', 'link': 'https://www.google.com/maps/contrib/102816822796672895199?hl=en-US', 'contributor_id': '102816822796672895199', 'thumbnail': 'https://lh3.googleusercontent.com/a-/ALV-UjWOqxf618mztcbC8CHYD5VrGNOcTVZ378NAgVgWVlEQPOq2Vf4=s120-c-rp-mo-ba4-br100', 'local_guide': True, 'reviews': 28, 'photos': 94}",5.0,Good campus and green campus,a year ago,Wipro
"{'name': 'Maroti Bhandare', 'link': 'https://www.google.com/maps/contrib/105919818876226646467?hl=en-US', 'contributor_id': '105919818876226646467', 'thumbnail': 'https://lh3.googleusercontent.com/a-/ALV-UjXBRA77oTq7_H6hlsHw47AKhiR27t4x5ANModQis4UnWKOjFA_P=s120-c-rp-mo-br100', 'local_guide': True, 'reviews': 1, 'photos': 2}",5.0,,3 months ago,Wipro
"{'name': 'Navanath Gaikwad', 'link': 'https://www.google.com/maps/contrib/102985269406014772349?hl=en-US', 'contributor_id': '102985269406014772349', 'thumbnail': 'https://lh3.googleusercontent.com/a-/ALV-UjX7QfTm681T65JX1JNdZJ11o3YgK6WQxdYzbfyMuA57WbNXBKWk=s120-c-rp-mo-br100', 'reviews': 1, 'photos': 1}",4.0,,8 months ago,Wipro
"{'name': 'Bhavesh Zope', 'link': 'https://www.google.com/maps/contrib/100987179023681389665?hl=en-US', 'contributor_id': '100987179023681389665', 'thumbnail': 'https://lh3.googleusercontent.com/a/ACg8ocLo2-xffoMj-s7lpGeaAkJlASUMFXHLrSn4LHU5MIjVZgnmcA=s120-c-rp-mo-br100', 'local_guide': True, 'reviews': 9, 'photos': 2}",5.0,,a year ago,Wipro
"{'name': 'PRITAM G', 'link': 'https://www.google.com/maps/contrib/114991529016527938485?hl=en-US', 'contributor_id': '114991529016527938485', 'thumbnail': 'https://lh3.googleusercontent.com/a-/ALV-UjVlphXEMLk5mqKYM6iEXeL1kDgqsQpBozYXJDaO4KWn1iDUPFoU=s120-c-rp-mo-ba3-br100', 'local_guide': True, 'reviews': 38, 'photos': 36}",1.0,"HCL Company not available on this location,
If you are going to visit for HCL please don't go here!
The new location is Embassy Tech Zone from Wipro chauk bus stop.",3 months ago,HCL
"{'name': 'Gobinda Paul', 'link': 'https://www.google.com/maps/contrib/111768198427084549824?hl=en-US', 'contributor_id': '111768198427084549824', 'thumbnail': 'https://lh3.googleusercontent.com/a-/ALV-UjXWVeP6GvbKjRMNxCXRYtq42K5VmQ0iiEbbHqtmSrlRd25k41Fx=s120-c-rp-mo-ba3-br100', 'local_guide': True, 'reviews': 49, 'photos': 30}",5.0,Good company.,a month ago,HCL
"{'name': 'Shravan Tarange', 'link': 'https://www.google.com/maps/contrib/108122170462823925424?hl=en-US', 'contributor_id': '108122170462823925424', 'thumbnail': 'https://lh3.googleusercontent.com/a-/ALV-UjUSnxk7-tBgS7hd3c74XyzgxrhL0JEynRUOvCM9mHBF-39vK4cTqg=s120-c-rp-mo-br100', 'local_guide': True, 'reviews': 5, 'photos': 5}",4.0,,3 years ago,HCL
"{'name': 'JSparkles', 'link': 'https://www.google.com/maps/contrib/105620836802500963981?hl=en-US', 'contributor_id': '105620836802500963981', 'thumbnail': 'https://lh3.googleusercontent.com/a-/ALV-UjWJsVNiYX9M5jE-iB9-1sfd3_5ZFKgDyESXHrv_Go3YASM3isAI=s120-c-rp-mo-ba4-br100', 'local_guide': True, 'reviews': 86, 'photos': 519}",5.0,Office Location is Beautiful and Cool. But it’s too inside the Hinjewadi. Overall I love the campus and the climate there.,3 months ago,Capgemini
"{'name': 'Prakash M', 'link': 'https://www.google.com/maps/contrib/105648722022600535875?hl=en-US', 'contributor_id': '105648722022600535875', 'thumbnail': 'https://lh3.googleusercontent.com/a-/ALV-UjVEAdWYZVoGHccQ87GBR36oolLE3w6a5OzKQxUIqECAlyWQ9u_S=s120-c-rp-mo-ba5-br100', 'local_guide': True, 'reviews': 221, 'photos': 431}",5.0,"Capgemini is located at Phase 3 Hinjewadi
it's a nice campus.
Better to reach before 10 AM else there will be huge traffic",4 months ago,Capgemini
"{'name': 'Sharmeen Shaikh', 'link': 'https://www.google.com/maps/contrib/113596289620231382857?hl=en-US', 'contributor_id': '113596289620231382857', 'thumbnail': 'https://lh3.googleusercontent.com/a-/ALV-UjUikHC_FsD72RuAxidNVWG9k2__V2h0WrHMKnHbqVSSyHrDMWLifQ=s120-c-rp-mo-ba5-br100', 'local_guide': True, 'reviews': 14, 'photos': 370}",5.0,"I work in Capgemini as a consultant for last one year. It is a place with amazing work culture. Office is situated in phase 3 Hinjewadi. Campus is so environment friendly. It has beautiful garden, swimming pool, sports club, etc surrounded by hills and Greenery.",a year ago,Capgemini
"{'name': 'Harshi Jaiswal', 'link': 'https://www.google.com/maps/contrib/105979163325419403682?hl=en-US', 'contributor_id': '105979163325419403682', 'thumbnail': 'https://lh3.googleusercontent.com/a-/ALV-UjVwTvBn7MixcrDc2auXtciBoquBWfTevS7q_o5HtX3wdGoq5b1Fng=s120-c-rp-mo-ba3-br100', 'local_guide': True, 'reviews': 33, 'photos': 26}",5.0,"Beautiful campus! Good policies! CG knows how to take care of their employees when it comes to their wellbeing. Although each project is different and there are terms and conditions to everything! Canteen is good with lots of good food options. Campus is too lush and green and located on the top of a hill with lots of amenities like a guest house, gym, pool, recreation areas, auditorium, food outlets, ATM, Medical stores etc.",a year ago,Capgemini
"{'name': 'Sujay Chavan', 'link': 'https://www.google.com/maps/contrib/116767250764683682166?hl=en-US', 'contributor_id': '116767250764683682166', 'thumbnail': 'https://lh3.googleusercontent.com/a-/ALV-UjVKAIqxIfVvLqzn9L_FWhfK8MlGLbhFEXcW74ebnzAngzEFQ3k=s120-c-rp-mo-ba5-br100', 'local_guide': True, 'reviews': 260, 'photos': 514}",5.0,Nice n cute campus. Only 4-5 buildings are there. Well planned. 2 cafeteria are there... Bit difficult to reach via public transport.. please prefer your vehicle or shared one.. cab service is there... Some people park outside campus. Some food stalls are there outside campus. Generally less crowded. And almost empty after evening,3 months ago,Capgemini
"{'name': 'Shubham Kumar', 'link': 'https://www.google.com/maps/contrib/113538574385507042870?hl=en-US', 'contributor_id': '113538574385507042870', 'thumbnail': 'https://lh3.googleusercontent.com/a-/ALV-UjVU_sviVP0IqZ9M_qi278I3oteyEc26wO2PSi98cODoNXqv8B36LA=s120-c-rp-mo-ba3-br100', 'local_guide': True, 'reviews': 14, 'photos': 8}",5.0,"I was absolutely blown away by the stunning greenery and breathtaking views on offer. As someone who greatly values sustainability and environmental consciousness, I was incredibly impressed by the company's commitment to creating a beautiful, eco-friendly space for its employees and visitors.",a year ago,Capgemini
"{'name': 'Mayur Rathi', 'link': 'https://www.google.com/maps/contrib/116197755092132575325?hl=en-US', 'contributor_id': '116197755092132575325', 'thumbnail': 'https://lh3.googleusercontent.com/a-/ALV-UjXW_lQo2NbnRLbDnvGNBUQeEOG9S14Z7rYXhO02V_szobhbA3Ul2g=s120-c-rp-mo-ba6-br100', 'local_guide': True, 'reviews': 428, 'photos': 3045}",5.0,"One of the best MNC to start your career, you get lot of upskilling opportunity. Additionally, work life balance is great.

And world-class infra!",6 months ago,Capgemini
"{'name': 'raj rane', 'link': 'https://www.google.com/maps/contrib/101577471094810444973?hl=en-US', 'contributor_id': '101577471094810444973', 'thumbnail': 'https://lh3.googleusercontent.com/a-/ALV-UjVQuV6HOvG1bvP7n_I4MwrqtW22xCyp5cYzV3RuqbBuxnFeRxKgqg=s120-c-rp-mo-ba5-br100', 'local_guide': True, 'reviews': 206, 'photos': 839}",4.0,"Capgemini India pvt Ltd is a leading organisation in the software industry. It is a pure service based organisation and have financial as well as non-financial projects. They have 2 main campuses, one is Talawade and another is Hinjewadi which was igate before. The Hinjewadi campus is very nice in terms of planting, greenery, landscaping and structural. They have nice facilities available for employees. In campus they have multiple cafeteria options, medical, doctor for emergency, Ambulance, good parking space, gym, Entertainment zone, Games, badminton court, stay facility for new joiners etc. Thanks 🙏",a year ago,Capgemini
"{'name': 'Pankaj Khot', 'link': 'https://www.google.com/maps/contrib/100010198457009024851?hl=en-US', 'contributor_id': '100010198457009024851', 'thumbnail': 'https://lh3.googleusercontent.com/a/ACg8ocJXn0Lpxww4ulSPKRUBTQStjns_dQCWSGItITqc3YbAU8WLU3s=s120-c-rp-mo-br100', 'local_guide': True, 'reviews': 4, 'photos': 2}",5.0,"The company is located in a peaceful, natural setting, with no other businesses nearby. The building is situated on a hill. While public transportation options are limited, the company does provide a transport facility for employees.",4 weeks ago,Oracle
"{'name': 'Onkar Bangar', 'link': 'https://www.google.com/maps/contrib/116746264409319132768?hl=en-US', 'contributor_id': '116746264409319132768', 'thumbnail': 'https://lh3.googleusercontent.com/a-/ALV-UjVnvJ-Nkf8FrrnbUwFC2FbB5E4EasoctneUQGPHv0fYyMzytZUI=s120-c-rp-mo-ba5-br100', 'local_guide': True, 'reviews': 132, 'photos': 373}",5.0,"This is one of best location of Oracle in India.
It's located inside ambrosia park.
Surrounding is very clean and green.
You can find varieties of trees near this office.
Office is very well managed. Canteen area is very best.",a year ago,Oracle
"{'name': 'Advait Shastri', 'link': 'https://www.google.com/maps/contrib/113373784890818847096?hl=en-US', 'contributor_id': '113373784890818847096', 'thumbnail': 'https://lh3.googleusercontent.com/a-/ALV-UjVQRgH81f-FDdXAqU32UxhFBEORGN2z4OsiajtHeZFrYWYUi2TB=s120-c-rp-mo-ba4-br100', 'local_guide': True, 'reviews': 61, 'photos': 157}",4.0,"Good campus, though it's isolated away from the city. You have to find your house a bit far
. But traffic is not the issue so transport is not an big issue.",11 months ago,Oracle
"{'name': 'Nirmal Bhadoriya', 'link': 'https://www.google.com/maps/contrib/105182790665499012864?hl=en-US', 'contributor_id': '105182790665499012864', 'thumbnail': 'https://lh3.googleusercontent.com/a-/ALV-UjVYO4TjF2OgFmnINcJ95JDbjikT9SAVo4nT7mqHJiuuZX4h7ifu=s120-c-rp-mo-br100', 'reviews': 1, 'photos': 0}",1.0,"False commitment provided at the initial time
Very bad experience",4 months ago,Oracle
"{'name': 'Rana', 'link': 'https://www.google.com/maps/contrib/104787119160154135894?hl=en-US', 'contributor_id': '104787119160154135894', 'thumbnail': 'https://lh3.googleusercontent.com/a-/ALV-UjWT2uBzom3krAvxLDIojSZJwKVde5kPbDvacKlRhc1kbr5ZJL6mog=s120-c-rp-mo-ba4-br100', 'local_guide': True, 'reviews': 139, 'photos': 51}",4.0,"I must say it’s a good company with good experienced and techies .: the people who are here from 20 plus years have really thorough understanding of tech ..
it is located in a very nice and peaceful area.
The other good thing is the ambrosia resort just behind which offers one of the best food of pune .",5 years ago,Oracle
"{'name': 'Akhilesh Singh', 'link': 'https://www.google.com/maps/contrib/108371802166040039224?hl=en-US', 'contributor_id': '108371802166040039224', 'thumbnail': 'https://lh3.googleusercontent.com/a-/ALV-UjU3xl-E5p59T5TYKtSPOprTtSvOWWHu-ul34oIcQArQV6khLeBpVg=s120-c-rp-mo-br100', 'reviews': 9, 'photos': 3}",5.0,"Office is situated in lap of small Mountain and Resort, so loads of Greenery and Ir😇... Since the time Office places open post Pandemic its really good to come and work in such a Nice Office place and With Different Team. The New Highway is still in progress so that is just one reason for Traffic congestion but I think in Future once the Roads are all prepd up, Commuting will be smooth",a year ago,Oracle
"{'name': 'Ruturanjan Panda', 'link': 'https://www.google.com/maps/contrib/117764032880463701257?hl=en-US', 'contributor_id': '117764032880463701257', 'thumbnail': 'https://lh3.googleusercontent.com/a-/ALV-UjXbcxJ63fLlWWnthff7HVy-54lPeDNWJevXnxJ5uCe_hpOt9CM9=s120-c-rp-mo-ba4-br100', 'local_guide': True, 'reviews': 91, 'photos': 97}",4.0,"It is situated very odd place where u will not get taxi, bus, auto. But inside the campus very good as well as look very unique of his building. The company as its own set up and policy as we know a very good it serves and product company",6 years ago,Oracle
"{'name': 'Jayant Janewa', 'link': 'https://www.google.com/maps/contrib/103761229093052115620?hl=en-US', 'contributor_id': '103761229093052115620', 'thumbnail': 'https://lh3.googleusercontent.com/a-/ALV-UjUW_XOwMIZSvVryyuMHkL4lQxef81BKfniOyvAEd6THK77ZM85J=s120-c-rp-mo-ba5-br100', 'local_guide': True, 'reviews': 100, 'photos': 589}",4.0,IT Giant located in front of ambrosia restaurant at Mulsi road. Having a great ambiance with a big garden area. Cool place to work but the caterer service over here is not up to mark .,7 years ago,Oracle
"{'name': 'Shubham Verma', 'link': 'https://www.google.com/maps/contrib/103280546274657393969?hl=en-US', 'contributor_id': '103280546274657393969', 'thumbnail': 'https://lh3.googleusercontent.com/a-/ALV-UjVL1GWdfNFKolhLfJPOYz1txQ3e4cyto-T2h5eGG7aeV_LW8WZdqA=s120-c-rp-mo-ba5-br100', 'local_guide': True, 'reviews': 71, 'photos': 634}",5.0,"Founded in 1998, Zenith has 16 offices worldwide with over 860 skilled employees implementing and supporting manufacturing software to the life sciences industry. We support customers from initial consultation, project implementation, commissioning and qualification, site maintenance and continuous learning. We deliver performance improvements, reduced costs, total compliance, and improved operator skills through customer partnership.
I joined this Zenith technologies in july 2019, just after it is aquired by a cognizant company.
The working environment , staff, colleagues, administrator and support is too good.
Zenith technologies deals with pharmaceutical domain. It is one of top componies in this domain.
It is generally known as ZT.",5 years ago,Cognizant
"{'name': 'pooja mandawale', 'link': 'https://www.google.com/maps/contrib/109845301482944640881?hl=en-US', 'contributor_id': '109845301482944640881', 'thumbnail': 'https://lh3.googleusercontent.com/a-/ALV-UjXwJz8JJclg5FBIccuaScDoXHTodR6AOvlwt6IXQM5Wr6M3fh4=s120-c-rp-mo-ba5-br100', 'local_guide': True, 'reviews': 79, 'photos': 1441}",5.0,Wonderful company and wonderful people.,a year ago,Cognizant
"{'name': 'Bibin P Babu', 'link': 'https://www.google.com/maps/contrib/103879587889974224003?hl=en-US', 'contributor_id': '103879587889974224003', 'thumbnail': 'https://lh3.googleusercontent.com/a-/ALV-UjWdy8nwvkI89HUkZlnZS_a9XPXAAt-xxcqdGh2ZsItiRG5hvf3_=s120-c-rp-mo-br100', 'local_guide': True, 'reviews': 12, 'photos': 1}",5.0,👍,4 years ago,Cognizant
"{'name': 'Akshay Shetty', 'link': 'https://www.google.com/maps/contrib/110553701215317030944?hl=en-US', 'contributor_id': '110553701215317030944', 'thumbnail': 'https://lh3.googleusercontent.com/a-/ALV-UjWwdb482N-my1P6Nf82J99dcgJWi8QlN_mEn-rHIXSJPWVtDF2x2w=s120-c-rp-mo-ba5-br100', 'local_guide': True, 'reviews': 325, 'photos': 145}",5.0,Good to work.,2 years ago,Cognizant
"{'name': 'Ramkrishna Ganbote', 'link': 'https://www.google.com/maps/contrib/100428245755882604027?hl=en-US', 'contributor_id': '100428245755882604027', 'thumbnail': 'https://lh3.googleusercontent.com/a/ACg8ocISmEBezqsqNXE7LWcvvqpMncitNUAnosOtvDYPXXl528TgjFC6=s120-c-rp-mo-ba5-br100', 'local_guide': True, 'reviews': 219, 'photos': 1282}",4.0,,a month ago,Cognizant
"{'name': 'Mithilesh Daware', 'link': 'https://www.google.com/maps/contrib/104250185836547419170?hl=en-US', 'contributor_id': '104250185836547419170', 'thumbnail': 'https://lh3.googleusercontent.com/a-/ALV-UjVBShjbuN47C5RiZ0HcnPPGU7vZYW33iUmeL38zZpIBUpgYhm__=s120-c-rp-mo-ba3-br100', 'local_guide': True, 'reviews': 26, 'photos': 8}",5.0,,11 months ago,Cognizant
"{'name': 'Shubham Patil', 'link': 'https://www.google.com/maps/contrib/103709959224242049956?hl=en-US', 'contributor_id': '103709959224242049956', 'thumbnail': 'https://lh3.googleusercontent.com/a/ACg8ocLVudmvJwkFgKmhMo9mb-foSS1P8ITT99j3Fgs-136SBQTVOQ=s120-c-rp-mo-br100', 'local_guide': True, 'reviews': 6, 'photos': 0}",5.0,,2 years ago,Cognizant
"{'name': 'Chaitanya Bachal', 'link': 'https://www.google.com/maps/contrib/100943833703823051009?hl=en-US', 'contributor_id': '100943833703823051009', 'thumbnail': 'https://lh3.googleusercontent.com/a/ACg8ocLHXvZxHaVFVQCDFg2J48MQ4eGWLHO8cwevgIrFCG2kjaW_jOY3=s120-c-rp-mo-ba3-br100', 'local_guide': True, 'reviews': 2, 'photos': 0}",5.0,,2 years ago,Cognizant
"{'name': 'Bharath Raj', 'link': 'https://www.google.com/maps/contrib/112278342872105856947?hl=en-US', 'contributor_id': '112278342872105856947', 'thumbnail': 'https://lh3.googleusercontent.com/a-/ALV-UjWXigg5dsEcfLXzh1xpXEgNZ2-iwyTLiAhNcH21vnt5lZdQiId6pA=s120-c-rp-mo-ba5-br100', 'local_guide': True, 'reviews': 137, 'photos': 829}",4.0,"The huge campus in the Embassy Tech zone is still quiet and peaceful. Campus atmosphere is really soothing,Good for taking a stroll through the empty lanes to alleviate the work stress.",2 years ago,IBM
"{'name': 'Nagaraju ಕನ್ನಡಿಗ', 'link': 'https://www.google.com/maps/contrib/113522447853056070651?hl=en-US', 'contributor_id': '113522447853056070651', 'thumbnail': 'https://lh3.googleusercontent.com/a-/ALV-UjUZoZdBlftKv9_hMSDTRgt06wZ6U-WYi63aa1_VD3hq3Mr6NV3G=s120-c-rp-mo-ba2-br100', 'local_guide': True, 'reviews': 9, 'photos': 14}",5.0,One of the best branches of ibm. All the management team is so loyal and very helpful. The tech situated near mountain.it is very pleasant to work.,a year ago,IBM
"{'name': 'Shrikant Thakre', 'link': 'https://www.google.com/maps/contrib/105078729010072917895?hl=en-US', 'contributor_id': '105078729010072917895', 'thumbnail': 'https://lh3.googleusercontent.com/a-/ALV-UjVFFNoP83P31eZZ1L73qfgT7yG-as9gX95LzmsVyDzuYxEWV299=s120-c-rp-mo-ba3-br100', 'local_guide': True, 'reviews': 31, 'photos': 30}",4.0,Good company in pune phase2 ETZ location,5 months ago,IBM
"{'name': 'Mandar Ghamande', 'link': 'https://www.google.com/maps/contrib/109619701244341533631?hl=en-US', 'contributor_id': '109619701244341533631', 'thumbnail': 'https://lh3.googleusercontent.com/a-/ALV-UjWsOybTVpDkQIDpuRQlO2ToMH9mbKKfFtz6q2CKHSHokX_UoOo=s120-c-rp-mo-ba4-br100', 'local_guide': True, 'reviews': 196, 'photos': 86}",5.0,"Very good premise,  but sad to see the vacant building due to covid.. some momentum can be seen now. Good surrounding and parking.
Things are returning to normal and the crowd is back. It's quite lively.",a year ago,IBM
"{'name': 'Vikas Paliwal', 'link': 'https://www.google.com/maps/contrib/109233483742685333118?hl=en-US', 'contributor_id': '109233483742685333118', 'thumbnail': 'https://lh3.googleusercontent.com/a/ACg8ocKBCM0w8zbhz51ImPMRxicBdPByFHZEGMyaTVBSWlGS7c0fxA=s120-c-rp-mo-ba3-br100', 'local_guide': True, 'reviews': 31, 'photos': 12}",5.0,"Great place to work.
Green campus and overall infrastructure is decently good with nice helping security guards.
Campus is safe for girls.
Has enough space for parking.

Traffic is a problem at evening hours",2 years ago,IBM
"{'name': 'Hemantt Gupta', 'link': 'https://www.google.com/maps/contrib/115647930544907052361?hl=en-US', 'contributor_id': '115647930544907052361', 'thumbnail': 'https://lh3.googleusercontent.com/a-/ALV-UjWGW-GHcIsVnOP2g91N3deqm8k2CNYI0lJy6Hct7lV3R66CYhNc=s120-c-rp-mo-ba5-br100', 'local_guide': True, 'reviews': 123, 'photos': 676}",5.0,Great Tech Park,4 months ago,IBM
"{'name': 'nikhil chougule', 'link': 'https://www.google.com/maps/contrib/105635449022725108687?hl=en-US', 'contributor_id': '105635449022725108687', 'thumbnail': 'https://lh3.googleusercontent.com/a-/ALV-UjUlh4gRkZ5yy_BOGEaNr8M_Y3T_MYsSO_OawlpmJrTdHVYLSFsS=s120-c-rp-mo-br100', 'local_guide': True, 'reviews': 9, 'photos': 1}",5.0,Was working as a Senior Application developer and I really had a great time working there. Got to learn new technologies and work on full stack and cloud tech stack. Impressed with the HR policies they are having as well.,7 months ago,IBM
"{'name': 'neha panpalia', 'link': 'https://www.google.com/maps/contrib/113117110119926971872?hl=en-US', 'contributor_id': '113117110119926971872', 'thumbnail': 'https://lh3.googleusercontent.com/a-/ALV-UjXcDPC4Ix76IrcEZ_HKD1r6d_DOm5ZcbKOhADt09celN7zlkOoEbA=s120-c-rp-mo-ba2-br100', 'local_guide': True, 'reviews': 18, 'photos': 19}",4.0,It's best place. Properly designed department and account wise. With work we can enjoy the beauty of nature as well,2 years ago,IBM
